{
   "temperature":     298.150000000000,
   "unit": "hartree",
   "energy":      -8.226118434293,
   "free energy":      -8.199155072457,
   "G(T)":       0.026963361836,
   "ZPVE":       0.049641564454,
   "number of imags":0,
   "point group": "cs",
   "gradient norm":       0.000015936055
}
