{
   "temperature":     298.150000000000,
   "unit": "hartree",
   "energy":     -24.475310782012,
   "free energy":     -24.407351733019,
   "G(T)":       0.067959048992,
   "ZPVE":       0.099925676326,
   "number of imags":0,
   "point group": "cs",
   "gradient norm":       0.000059055495
}
