{
   "temperature":     298.150000000000,
   "unit": "hartree",
   "energy":     -10.753048256398,
   "free energy":     -10.687730299579,
   "G(T)":       0.065317956820,
   "ZPVE":       0.090859306483,
   "number of imags":0,
   "point group": "c1",
   "gradient norm":       0.000070994476
}
