{
   "temperature":     298.150000000000,
   "unit": "hartree",
   "energy":     -20.783220761414,
   "free energy":     -20.701094770905,
   "G(T)":       0.082125990510,
   "ZPVE":       0.115371663514,
   "number of imags":0,
   "point group": "c1",
   "gradient norm":       0.000030999303
}
