{
    "partname": "prescreening",
    "runtime": 1.5956408439997176,
    "results": {
        "CONF1": {
            "sp": {
                "energy": -402.259698470834
            },
            "gtot": -402.259698470834,
            "bmw": 0.8801220103887035
        },
        "CONF2": {
            "sp": {
                "energy": -402.257816159176
            },
            "gtot": -402.257816159176,
            "bmw": 0.11987798961129652
        }
    },
    "settings": {
        "threshold": 4.0,
        "func": "pbe-d4",
        "basis": "def2-sv(p)",
        "prog": "orca",
        "gfnv": "gfn2",
        "run": true,
        "template": false
    },
    "nconf_in": 2,
    "nconf_out": 2
}