{
   "temperature":     298.150000000000,
   "unit": "hartree",
   "energy":     -27.117156745318,
   "free energy":     -26.982387285927,
   "G(T)":       0.134769459391,
   "ZPVE":       0.170719503703,
   "number of imags":0,
   "point group": "c1",
   "gradient norm":       0.000091375046
}
