{
    "partname": "prescreening",
    "runtime": 0.691556549994857,
    "results": {
        "CONF1": {
            "sp": {
                "energy": -415.909256598016
            },
            "gtot": -415.909256598016,
            "bmw": 0.998973321083823
        },
        "CONF2": {
            "sp": {
                "energy": -415.902760236958
            },
            "gtot": -415.902760236958,
            "bmw": 0.0010266789161769779
        }
    },
    "settings": {
        "threshold": 4.0,
        "func": "pbe-d4",
        "basis": "def2-sv(p)",
        "prog": "orca",
        "gfnv": "gfn2",
        "run": true,
        "template": false
    },
    "nconf_in": 2,
    "nconf_out": 1
}