{
   "temperature":     298.150000000000,
   "unit": "hartree",
   "energy":     -36.133592156443,
   "free energy":     -36.011202102083,
   "G(T)":       0.122390054360,
   "ZPVE":       0.156717103030,
   "number of imags":0,
   "point group": "c1",
   "gradient norm":       0.000036949335
}
