{
    "partname": "prescreening",
    "runtime": 1.3006397669996659,
    "results": {
        "CONF4": {
            "sp": {
                "energy": -228.583434651246
            },
            "gtot": -228.583434651246,
            "bmw": 0.0007425842561049462
        },
        "CONF3": {
            "sp": {
                "energy": -228.583882708476
            },
            "gtot": -228.583882708476,
            "bmw": 0.001193542250283188
        },
        "CONF2": {
            "sp": {
                "energy": -228.589957870004
            },
            "gtot": -228.589957870004,
            "bmw": 0.7433933480556965
        },
        "CONF1": {
            "sp": {
                "energy": -228.58894640872
            },
            "gtot": -228.58894640872,
            "bmw": 0.2546705254379155
        }
    },
    "settings": {
        "threshold": 4.0,
        "func": "pbe-d4",
        "basis": "def2-sv(p)",
        "prog": "orca",
        "gfnv": "gfn2",
        "run": true,
        "template": false
    },
    "nconf_in": 4,
    "nconf_out": 3
}