{
    "partname": "screening",
    "runtime": 4.093396296000719,
    "results": {
        "CONF2": {
            "sp": {
                "energy": -229.022213837215
            },
            "gtot": -229.022213837215,
            "bmw": 0.8621718678880366
        },
        "CONF1": {
            "sp": {
                "energy": -229.02048164019
            },
            "gtot": -229.02048164019,
            "bmw": 0.13766970081667584
        },
        "CONF3": {
            "sp": {
                "energy": -229.014092073156
            },
            "gtot": -229.014092073156,
            "bmw": 0.00015843129528757141
        }
    },
    "settings": {
        "threshold": 3.5,
        "func": "r2scan-3c",
        "basis": "def2-tzvp",
        "prog": "orca",
        "sm": "smd",
        "gfnv": "gfn2",
        "run": true,
        "implicit": false,
        "template": false
    },
    "nconf_in": 3,
    "nconf_out": 3
}