{
    "partname": "refinement",
    "runtime": 21.777237742997386,
    "results": {
        "CONF3": {
            "sp": {
                "energy": -229.071802986483
            },
            "gtot": -229.071802986483,
            "bmw": 1.0
        },
        "CONF2": {
            "sp": {
                "energy": -229.079941423706
            },
            "gtot": -229.079941423706,
            "bmw": 0.8518572000591145
        },
        "CONF1": {
            "sp": {
                "energy": -229.078288836818
            },
            "gtot": -229.078288836818,
            "bmw": 0.14798900402640103
        }
    },
    "settings": {
        "threshold": 0.95,
        "func": "wb97x-v",
        "basis": "def2-tzvp",
        "prog": "orca",
        "sm": "smd",
        "gfnv": "gfn2",
        "run": true,
        "implicit": false,
        "template": false
    },
    "nconf_in": 3,
    "nconf_out": 1
}