{
   "temperature":     298.150000000000,
   "unit": "hartree",
   "energy":     -26.291878657743,
   "free energy":     -26.168780742184,
   "G(T)":       0.123097915559,
   "ZPVE":       0.156341646618,
   "number of imags":0,
   "point group": "cs",
   "gradient norm":       0.000034516914
}
