{
   "temperature":     298.150000000000,
   "unit": "hartree",
   "energy":     -13.740597841730,
   "free energy":     -13.668904775154,
   "G(T)":       0.071693066576,
   "ZPVE":       0.101079408150,
   "number of imags":0,
   "point group": "c1",
   "gradient norm":       0.000075176331
}
