{
   "temperature":     298.150000000000,
   "unit": "hartree",
   "energy":     -20.783435998975,
   "free energy":     -20.702938479535,
   "G(T)":       0.080497519440,
   "ZPVE":       0.114948980201,
   "number of imags":0,
   "point group": "cs",
   "gradient norm":       0.000080564206
}
