{
   "temperature":     298.150000000000,
   "unit": "hartree",
   "energy":     -14.542768873140,
   "free energy":     -14.478061365504,
   "G(T)":       0.064707507636,
   "ZPVE":       0.093396021748,
   "number of imags":0,
   "point group": "cs",
   "gradient norm":       0.000046834714
}
