{
   "temperature":     298.150000000000,
   "unit": "hartree",
   "energy":     -25.391656711438,
   "free energy":     -25.251229346730,
   "G(T)":       0.140427364708,
   "ZPVE":       0.179017100008,
   "number of imags":0,
   "point group": "c1",
   "gradient norm":       0.000050517424
}
