{
   "temperature":     298.150000000000,
   "unit": "hartree",
   "energy":     -36.133998190556,
   "free energy":     -36.011918788980,
   "G(T)":       0.122079401575,
   "ZPVE":       0.156765279232,
   "number of imags":0,
   "point group": "c1",
   "gradient norm":       0.000022531930
}
