{
   "temperature":     298.150000000000,
   "unit": "hartree",
   "energy":     -10.589454628264,
   "free energy":     -10.542660542412,
   "G(T)":       0.046794085853,
   "ZPVE":       0.073734045243,
   "number of imags":0,
   "point group": "c1",
   "gradient norm":       0.000020097768
}
