{
    "partname": "prescreening",
    "runtime": 1.6112596450002457,
    "results": {
        "CONF1": {
            "sp": {
                "energy": -233.096681488833
            },
            "gtot": -233.096681488833,
            "bmw": 0.9985566078696333
        },
        "CONF2": {
            "sp": {
                "energy": -233.090507173739
            },
            "gtot": -233.090507173739,
            "bmw": 0.001443392130366581
        }
    },
    "settings": {
        "threshold": 4.0,
        "func": "pbe-d4",
        "basis": "def2-sv(p)",
        "prog": "orca",
        "gfnv": "gfn2",
        "run": true,
        "template": false
    },
    "nconf_in": 2,
    "nconf_out": 2
}