{
   "temperature":     298.150000000000,
   "unit": "hartree",
   "energy":     -36.133379272142,
   "free energy":     -36.011120947935,
   "G(T)":       0.122258324206,
   "ZPVE":       0.156732988093,
   "number of imags":0,
   "point group": "c1",
   "gradient norm":       0.000064179065
}
