{
   "temperature":     298.150000000000,
   "unit": "hartree",
   "energy":     -20.783204973431,
   "free energy":     -20.701828825126,
   "G(T)":       0.081376148306,
   "ZPVE":       0.115332511568,
   "number of imags":0,
   "point group": "c1",
   "gradient norm":       0.000039399343
}
