{
   "temperature":     298.150000000000,
   "unit": "hartree",
   "energy":     -36.132655293571,
   "free energy":     -36.010093401281,
   "G(T)":       0.122561892289,
   "ZPVE":       0.156823864230,
   "number of imags":0,
   "point group": "c1",
   "gradient norm":       0.000064999202
}
