{
    "partname": "prescreening",
    "runtime": 0.4841972899957909,
    "results": {
        "CONF3": {
            "sp": {
                "energy": -134.815049886808
            },
            "gtot": -134.815049886808,
            "bmw": 0.003827470980280432
        },
        "CONF1": {
            "sp": {
                "energy": -134.819880809174
            },
            "gtot": -134.819880809174,
            "bmw": 0.6382375933193102
        },
        "CONF2": {
            "sp": {
                "energy": -134.819334731611
            },
            "gtot": -134.819334731611,
            "bmw": 0.35793493570040935
        }
    },
    "settings": {
        "threshold": 4.0,
        "func": "pbe-d4",
        "basis": "def2-sv(p)",
        "prog": "orca",
        "gfnv": "gfn2",
        "run": true,
        "template": false
    },
    "nconf_in": 3,
    "nconf_out": 3
}