{
    "partname": "screening",
    "runtime": 3.027290997997625,
    "results": {
        "CONF3": {
            "sp": {
                "energy": -135.121749878
            },
            "gtot": -135.121749878,
            "bmw": 0.012873429141016416
        },
        "CONF2": {
            "sp": {
                "energy": -135.125137267494
            },
            "gtot": -135.125137267494,
            "bmw": 0.4653562613509051
        },
        "CONF1": {
            "sp": {
                "energy": -135.125245304974
            },
            "gtot": -135.125245304974,
            "bmw": 0.5217703095080785
        }
    },
    "settings": {
        "threshold": 3.5,
        "func": "r2scan-3c",
        "basis": "def2-tzvp",
        "prog": "orca",
        "sm": "smd",
        "gfnv": "gfn2",
        "run": true,
        "implicit": false,
        "template": false
    },
    "nconf_in": 3,
    "nconf_out": 3
}