{
    "partname": "refinement",
    "runtime": 15.189748750002764,
    "results": {
        "CONF1": {
            "sp": {
                "energy": -135.175620239976
            },
            "gtot": -135.175620239976,
            "bmw": 0.3292600566236471
        },
        "CONF3": {
            "sp": {
                "energy": -135.175639648838
            },
            "gtot": -135.175639648838,
            "bmw": 0.33609844803908534
        },
        "CONF2": {
            "sp": {
                "energy": -135.175635547
            },
            "gtot": -135.175635547,
            "bmw": 0.33464149533726756
        }
    },
    "settings": {
        "threshold": 0.95,
        "func": "wb97x-v",
        "basis": "def2-tzvp",
        "prog": "orca",
        "sm": "smd",
        "gfnv": "gfn2",
        "run": true,
        "implicit": false,
        "template": false
    },
    "nconf_in": 3,
    "nconf_out": 3
}