{
   "temperature":     298.150000000000,
   "unit": "hartree",
   "energy":     -10.754860535364,
   "free energy":     -10.689255619298,
   "G(T)":       0.065604916065,
   "ZPVE":       0.091096650775,
   "number of imags":0,
   "point group": "cs",
   "gradient norm":       0.000008116887
}
