{
   "temperature":     298.150000000000,
   "unit": "hartree",
   "energy":     -54.096399055408,
   "free energy":     -54.016560934619,
   "G(T)":       0.079838120789,
   "ZPVE":       0.124196124435,
   "number of imags":0,
   "point group": "cs",
   "gradient norm":       0.000064487192
}
