{
   "temperature":     298.150000000000,
   "unit": "hartree",
   "energy":     -36.135579740672,
   "free energy":     -36.013153562551,
   "G(T)":       0.122426178121,
   "ZPVE":       0.156842766132,
   "number of imags":0,
   "point group": "c1",
   "gradient norm":       0.000045387323
}
