{
   "temperature":     298.150000000000,
   "unit": "hartree",
   "energy":     -23.980663050762,
   "free energy":     -23.933578286345,
   "G(T)":       0.047084764417,
   "ZPVE":       0.078634598994,
   "number of imags":0,
   "point group": "c2v",
   "gradient norm":       0.000015776281
}
