{
   "temperature":     298.150000000000,
   "unit": "hartree",
   "energy":     -11.378046846309,
   "free energy":     -11.339259222411,
   "G(T)":       0.038787623898,
   "ZPVE":       0.065095674967,
   "number of imags":0,
   "point group": "cs",
   "gradient norm":       0.000044249433
}
