{
   "temperature":     298.150000000000,
   "unit": "hartree",
   "energy":     -26.291878664904,
   "free energy":     -26.168779574910,
   "G(T)":       0.123099089994,
   "ZPVE":       0.156343746559,
   "number of imags":0,
   "point group": "cs",
   "gradient norm":       0.000029887726
}
