{
   "temperature":     298.150000000000,
   "unit": "hartree",
   "energy":     -20.783817142944,
   "free energy":     -20.701200763026,
   "G(T)":       0.082616379917,
   "ZPVE":       0.115453847526,
   "number of imags":0,
   "point group": "c1",
   "gradient norm":       0.000113191022
}
