{
   "temperature":     298.150000000000,
   "unit": "hartree",
   "energy":     -26.293359650279,
   "free energy":     -26.170854851436,
   "G(T)":       0.122504798842,
   "ZPVE":       0.156080903262,
   "number of imags":0,
   "point group": "cs",
   "gradient norm":       0.000012960850
}
