{
   "temperature":     298.150000000000,
   "unit": "hartree",
   "energy":     -20.134374818623,
   "free energy":     -20.031583281748,
   "G(T)":       0.102791536875,
   "ZPVE":       0.131295691314,
   "number of imags":0,
   "point group": "cs",
   "gradient norm":       0.000022345820
}
