{
   "temperature":     298.150000000000,
   "unit": "hartree",
   "energy":     -37.909007588247,
   "free energy":     -37.780620151228,
   "G(T)":       0.128387437020,
   "ZPVE":       0.162775643656,
   "number of imags":0,
   "point group": "d2h",
   "gradient norm":       0.000068056689
}
