{
   "temperature":     298.150000000000,
   "unit": "hartree",
   "energy":     -36.134473291104,
   "free energy":     -36.011944684442,
   "G(T)":       0.122528606663,
   "ZPVE":       0.156924170232,
   "number of imags":0,
   "point group": "c1",
   "gradient norm":       0.000037438337
}
