{
   "temperature":     298.150000000000,
   "unit": "hartree",
   "energy":     -46.552315203146,
   "free energy":     -46.543999787473,
   "G(T)":       0.008315415673,
   "ZPVE":       0.051395849902,
   "number of imags":0,
   "point group": "c2v",
   "gradient norm":       0.000021952466
}
