{
   "temperature":     298.150000000000,
   "unit": "hartree",
   "energy":     -18.986715878098,
   "free energy":     -18.845330431394,
   "G(T)":       0.141385446704,
   "ZPVE":       0.168446525791,
   "number of imags":0,
   "point group": "d3d",
   "gradient norm":       0.000011550090
}
