{
   "temperature":     298.150000000000,
   "unit": "hartree",
   "energy":     -10.575981174763,
   "free energy":     -10.530215869843,
   "G(T)":       0.045765304920,
   "ZPVE":       0.072782578928,
   "number of imags":0,
   "point group": "cs",
   "gradient norm":       0.000022239242
}
