{
   "temperature":     298.150000000000,
   "unit": "hartree",
   "energy":     -13.665127758444,
   "free energy":     -13.561672837581,
   "G(T)":       0.103454920863,
   "ZPVE":       0.130899101962,
   "number of imags":0,
   "point group": "c2h",
   "gradient norm":       0.000017600350
}
