{
    "partname": "prescreening",
    "runtime": 1.240911816003063,
    "results": {
        "CONF1": {
            "sp": {
                "energy": -627.602296988649
            },
            "gtot": -627.602296988649,
            "bmw": 0.9886547106836275
        },
        "CONF2": {
            "sp": {
                "energy": -627.598078807412
            },
            "gtot": -627.598078807412,
            "bmw": 0.011345289316372447
        }
    },
    "settings": {
        "threshold": 4.0,
        "func": "pbe-d4",
        "basis": "def2-sv(p)",
        "prog": "orca",
        "gfnv": "gfn2",
        "run": true,
        "template": false
    },
    "nconf_in": 2,
    "nconf_out": 2
}