{
   "temperature":     298.150000000000,
   "unit": "hartree",
   "energy":     -14.443378115018,
   "free energy":     -14.412027478544,
   "G(T)":       0.031350636474,
   "ZPVE":       0.059284755460,
   "number of imags":0,
   "point group": "cs",
   "gradient norm":       0.000079373421
}
