{
   "temperature":     298.150000000000,
   "unit": "hartree",
   "energy":     -20.783436048812,
   "free energy":     -20.702186694959,
   "G(T)":       0.081249353853,
   "ZPVE":       0.114971581904,
   "number of imags":0,
   "point group": "c1",
   "gradient norm":       0.000029806390
}
