{
   "temperature":     298.150000000000,
   "unit": "hartree",
   "energy":     -49.056129538443,
   "free energy":     -48.893346278542,
   "G(T)":       0.162783259901,
   "ZPVE":       0.204042881638,
   "number of imags":0,
   "point group": "c2v",
   "gradient norm":       0.000069845673
}
