{
    "partname": "prescreening",
    "runtime": 2.744812737000757,
    "results": {
        "CONF4": {
            "sp": {
                "energy": -326.179566191411
            },
            "gtot": -326.179566191411,
            "bmw": 0.010888287100070611
        },
        "CONF1": {
            "sp": {
                "energy": -326.183620084171
            },
            "gtot": -326.183620084171,
            "bmw": 0.797298890710825
        },
        "CONF2": {
            "sp": {
                "energy": -326.181809408839
            },
            "gtot": -326.181809408839,
            "bmw": 0.11715697723337101
        },
        "CONF3": {
            "sp": {
                "energy": -326.181383935166
            },
            "gtot": -326.181383935166,
            "bmw": 0.07465584495573334
        }
    },
    "settings": {
        "threshold": 4.0,
        "func": "pbe-d4",
        "basis": "def2-sv(p)",
        "prog": "orca",
        "gfnv": "gfn2",
        "run": true,
        "template": false
    },
    "nconf_in": 4,
    "nconf_out": 4
}