{
    "partname": "screening",
    "runtime": 11.523769618994265,
    "results": {
        "CONF4": {
            "sp": {
                "energy": -326.817350498122
            },
            "gtot": -326.817350498122,
            "bmw": 0.006922138314223174
        },
        "CONF3": {
            "sp": {
                "energy": -326.819652650709
            },
            "gtot": -326.819652650709,
            "bmw": 0.07927881750662502
        },
        "CONF1": {
            "sp": {
                "energy": -326.821826310623
            },
            "gtot": -326.821826310623,
            "bmw": 0.7924493548960354
        },
        "CONF2": {
            "sp": {
                "energy": -326.820054594845
            },
            "gtot": -326.820054594845,
            "bmw": 0.12134968928311642
        }
    },
    "settings": {
        "threshold": 3.5,
        "func": "r2scan-3c",
        "basis": "def2-tzvp",
        "prog": "orca",
        "sm": "smd",
        "gfnv": "gfn2",
        "run": true,
        "implicit": false,
        "template": false
    },
    "nconf_in": 4,
    "nconf_out": 4
}