{
    "partname": "refinement",
    "runtime": 95.99019762800162,
    "results": {
        "CONF4": {
            "sp": {
                "energy": -326.926881360491
            },
            "gtot": -326.926881360491,
            "bmw": 1.0
        },
        "CONF2": {
            "sp": {
                "energy": -326.929436566199
            },
            "gtot": -326.929436566199,
            "bmw": 0.1273573708131455
        },
        "CONF1": {
            "sp": {
                "energy": -326.931147104413
            },
            "gtot": -326.931147104413,
            "bmw": 0.7795019407270591
        },
        "CONF3": {
            "sp": {
                "energy": -326.929050725968
            },
            "gtot": -326.929050725968,
            "bmw": 0.08463497368344039
        }
    },
    "settings": {
        "threshold": 0.95,
        "func": "wb97x-v",
        "basis": "def2-tzvp",
        "prog": "orca",
        "sm": "smd",
        "gfnv": "gfn2",
        "run": true,
        "implicit": false,
        "template": false
    },
    "nconf_in": 4,
    "nconf_out": 1
}