{
   "temperature":     298.150000000000,
   "unit": "hartree",
   "energy":     -18.687030812442,
   "free energy":     -18.634857802064,
   "G(T)":       0.052173010377,
   "ZPVE":       0.081640874215,
   "number of imags":0,
   "point group": "c2v",
   "gradient norm":       0.000012701349
}
