{
   "temperature":     298.150000000000,
   "unit": "hartree",
   "energy":     -13.803992417858,
   "free energy":     -13.741471451953,
   "G(T)":       0.062520965906,
   "ZPVE":       0.092949773592,
   "number of imags":0,
   "point group": "c1",
   "gradient norm":       0.000027452707
}
