{
   "temperature":     298.150000000000,
   "unit": "hartree",
   "energy":     -23.124377995173,
   "free energy":     -23.028947006933,
   "G(T)":       0.095430988240,
   "ZPVE":       0.128466172220,
   "number of imags":0,
   "point group": "c1",
   "gradient norm":       0.000017125492
}
