{
   "temperature":     298.150000000000,
   "unit": "hartree",
   "energy":     -13.803992475956,
   "free energy":     -13.741472956057,
   "G(T)":       0.062519519899,
   "ZPVE":       0.092949468753,
   "number of imags":0,
   "point group": "c1",
   "gradient norm":       0.000060399070
}
