{
    "partname": "prescreening",
    "runtime": 0.8888291549992573,
    "results": {
        "CONF3": {
            "sp": {
                "energy": -247.969956793385
            },
            "gtot": -247.969956793385,
            "bmw": 0.11857337051605997
        },
        "CONF4": {
            "sp": {
                "energy": -247.970441555011
            },
            "gtot": -247.970441555011,
            "bmw": 0.19813540116969933
        },
        "CONF1": {
            "sp": {
                "energy": -247.970724855106
            },
            "gtot": -247.970724855106,
            "bmw": 0.2674675515819535
        },
        "CONF2": {
            "sp": {
                "energy": -247.971141488535
            },
            "gtot": -247.971141488535,
            "bmw": 0.41582367673228726
        }
    },
    "settings": {
        "threshold": 4.0,
        "func": "pbe-d4",
        "basis": "def2-sv(p)",
        "prog": "orca",
        "gfnv": "gfn2",
        "run": true,
        "template": false
    },
    "nconf_in": 4,
    "nconf_out": 4
}