{
    "partname": "screening",
    "runtime": 6.123207131000527,
    "results": {
        "CONF1": {
            "sp": {
                "energy": -248.462375449505
            },
            "gtot": -248.462375449505,
            "bmw": 0.16336206359651986
        },
        "CONF2": {
            "sp": {
                "energy": -248.462995751041
            },
            "gtot": -248.462995751041,
            "bmw": 0.3151157912695824
        },
        "CONF4": {
            "sp": {
                "energy": -248.463094223361
            },
            "gtot": -248.463094223361,
            "bmw": 0.34975529594517824
        },
        "CONF3": {
            "sp": {
                "energy": -248.462422818302
            },
            "gtot": -248.462422818302,
            "bmw": 0.17176684918871954
        }
    },
    "settings": {
        "threshold": 3.5,
        "func": "r2scan-3c",
        "basis": "def2-tzvp",
        "prog": "orca",
        "sm": "smd",
        "gfnv": "gfn2",
        "run": true,
        "implicit": false,
        "template": false
    },
    "nconf_in": 4,
    "nconf_out": 4
}