{
    "partname": "refinement",
    "runtime": 36.562944314999186,
    "results": {
        "CONF3": {
            "sp": {
                "energy": -248.53824917672
            },
            "gtot": -248.53824917672,
            "bmw": 0.20669043394520412
        },
        "CONF2": {
            "sp": {
                "energy": -248.538549076476
            },
            "gtot": -248.538549076476,
            "bmw": 0.2839649356903803
        },
        "CONF4": {
            "sp": {
                "energy": -248.538653573682
            },
            "gtot": -248.538653573682,
            "bmw": 0.31719775422452184
        },
        "CONF1": {
            "sp": {
                "energy": -248.538180287063
            },
            "gtot": -248.538180287063,
            "bmw": 0.19214687613989376
        }
    },
    "settings": {
        "threshold": 0.95,
        "func": "wb97x-v",
        "basis": "def2-tzvp",
        "prog": "orca",
        "sm": "smd",
        "gfnv": "gfn2",
        "run": true,
        "implicit": false,
        "template": false
    },
    "nconf_in": 4,
    "nconf_out": 4
}