{
   "temperature":     298.150000000000,
   "unit": "hartree",
   "energy":     -23.982835825042,
   "free energy":     -23.935839775164,
   "G(T)":       0.046996049878,
   "ZPVE":       0.078614844698,
   "number of imags":0,
   "point group": "c2v",
   "gradient norm":       0.000022792082
}
