{
   "temperature":     298.150000000000,
   "unit": "hartree",
   "energy":     -32.073874306237,
   "free energy":     -32.050501367321,
   "G(T)":       0.023372938916,
   "ZPVE":       0.059326276324,
   "number of imags":0,
   "point group": "c2v",
   "gradient norm":       0.000064553716
}
