{
   "temperature":     298.150000000000,
   "unit": "hartree",
   "energy":     -20.783436196315,
   "free energy":     -20.702084364324,
   "G(T)":       0.081351831990,
   "ZPVE":       0.114972499780,
   "number of imags":0,
   "point group": "c1",
   "gradient norm":       0.000030806319
}
