{
   "temperature":     298.150000000000,
   "unit": "hartree",
   "energy":     -10.500828154459,
   "free energy":     -10.423208209397,
   "G(T)":       0.077619945063,
   "ZPVE":       0.102656045317,
   "number of imags":0,
   "point group": "c2v",
   "gradient norm":       0.000043252201
}
