{
   "temperature":     298.150000000000,
   "unit": "hartree",
   "energy":     -26.718380160058,
   "free energy":     -26.733022135417,
   "G(T)":      -0.014641975359,
   "ZPVE":       0.019510326112,
   "number of imags":0,
   "point group": "cs",
   "gradient norm":       0.000038171581
}
