{
   "temperature":     298.150000000000,
   "unit": "hartree",
   "energy":     -36.132950528436,
   "free energy":     -36.011213352268,
   "G(T)":       0.121737176168,
   "ZPVE":       0.156741074884,
   "number of imags":0,
   "point group": "c1",
   "gradient norm":       0.000068924821
}
