{
   "temperature":     298.150000000000,
   "unit": "hartree",
   "energy":     -20.783218812429,
   "free energy":     -20.701235204038,
   "G(T)":       0.081983608392,
   "ZPVE":       0.115362099556,
   "number of imags":0,
   "point group": "c1",
   "gradient norm":       0.000039926144
}
