{
   "temperature":     298.150000000000,
   "unit": "hartree",
   "energy":     -20.783436101005,
   "free energy":     -20.702938990651,
   "G(T)":       0.080497110354,
   "ZPVE":       0.114950749504,
   "number of imags":0,
   "point group": "c1",
   "gradient norm":       0.000112515996
}
