{
   "temperature":     298.150000000000,
   "unit": "hartree",
   "energy":     -20.201974172458,
   "free energy":     -20.155738520616,
   "G(T)":       0.046235651842,
   "ZPVE":       0.076178164117,
   "number of imags":0,
   "point group": "cs",
   "gradient norm":       0.000035644450
}
