{
   "temperature":     298.150000000000,
   "unit": "hartree",
   "energy":     -10.578267819903,
   "free energy":     -10.532038901799,
   "G(T)":       0.046228918104,
   "ZPVE":       0.073005748778,
   "number of imags":0,
   "point group": "c1",
   "gradient norm":       0.000068554601
}
