{
   "temperature":     298.150000000000,
   "unit": "hartree",
   "energy":     -18.814931015435,
   "free energy":     -18.728235556162,
   "G(T)":       0.086695459272,
   "ZPVE":       0.116572952472,
   "number of imags":1,
   "point group": "cs",
   "gradient norm":       0.000064741790
}
