{
   "temperature":     298.150000000000,
   "unit": "hartree",
   "energy":     -20.783103924173,
   "free energy":     -20.703067022377,
   "G(T)":       0.080036901796,
   "ZPVE":       0.115246671202,
   "number of imags":0,
   "point group": "c1",
   "gradient norm":       0.000031204246
}
