{
   "temperature":     298.150000000000,
   "unit": "hartree",
   "energy":     -22.492118968251,
   "free energy":     -22.382592297364,
   "G(T)":       0.109526670888,
   "ZPVE":       0.140495594954,
   "number of imags":1,
   "point group": "cs",
   "gradient norm":       0.000060271737
}
