{
   "temperature":     298.150000000000,
   "unit": "hartree",
   "energy":     -20.783207360473,
   "free energy":     -20.702577089251,
   "G(T)":       0.080630271222,
   "ZPVE":       0.115322948301,
   "number of imags":0,
   "point group": "c1",
   "gradient norm":       0.000042232069
}
