{
   "temperature":     298.150000000000,
   "unit": "hartree",
   "energy":     -16.986419594763,
   "free energy":     -16.917170723423,
   "G(T)":       0.069248871340,
   "ZPVE":       0.099154158372,
   "number of imags":0,
   "point group": "cs",
   "gradient norm":       0.000078064291
}
