{
   "temperature":     298.150000000000,
   "unit": "hartree",
   "energy":     -36.134134582696,
   "free energy":     -36.011879167693,
   "G(T)":       0.122255415003,
   "ZPVE":       0.156879817653,
   "number of imags":0,
   "point group": "c1",
   "gradient norm":       0.000120368487
}
