{
    "partname": "prescreening",
    "runtime": 1.1357499489968177,
    "results": {
        "CONF1": {
            "sp": {
                "energy": -5225.324085330972
            },
            "gtot": -5225.324085330972,
            "bmw": 0.8866813804545216
        },
        "CONF2": {
            "sp": {
                "energy": -5225.32214287845
            },
            "gtot": -5225.32214287845,
            "bmw": 0.11331861954547838
        }
    },
    "settings": {
        "threshold": 4.0,
        "func": "pbe-d4",
        "basis": "def2-sv(p)",
        "prog": "orca",
        "gfnv": "gfn2",
        "run": true,
        "template": false
    },
    "nconf_in": 2,
    "nconf_out": 2
}