{
   "temperature":     298.150000000000,
   "unit": "hartree",
   "energy":     -26.291878639267,
   "free energy":     -26.168776430356,
   "G(T)":       0.123102208911,
   "ZPVE":       0.156344326936,
   "number of imags":0,
   "point group": "cs",
   "gradient norm":       0.000050445673
}
