{
   "temperature":     298.150000000000,
   "unit": "hartree",
   "energy":     -12.604958071250,
   "free energy":     -12.525509048298,
   "G(T)":       0.079449022952,
   "ZPVE":       0.106806356395,
   "number of imags":0,
   "point group": "cs",
   "gradient norm":       0.000042783407
}
