{
    "partname": "optimization",
    "runtime": 546.4934050970005,
    "results": {
        "CONF1": {
            "xtb_opt": {
                "energy": -2734.5397732,
                "cycles": 19,
                "converged": true,
                "ecyc": [
                    -2734.5360719,
                    -2734.5368066,
                    -2734.537251,
                    -2734.5380801,
                    -2734.538596,
                    -2734.5391168,
                    -2734.5393127,
                    -2734.5394078,
                    -2734.5382921,
                    -2734.5394939,
                    -2734.5396456,
                    -2734.5397016,
                    -2734.5397283,
                    -2734.5397601,
                    -2734.5397211,
                    -2734.5397466,
                    -2734.5397611,
                    -2734.5397703,
                    -2734.5397732
                ],
                "grad_norm": 9.7106109e-05,
                "gncyc": [
                    0.04642403998,
                    0.0150028,
                    0.0282157,
                    0.0187831,
                    0.0125608,
                    0.0124234,
                    0.0085156,
                    0.0155145,
                    0.0229788,
                    0.0485749,
                    0.0166859,
                    0.0111476,
                    0.0028029,
                    0.0032094,
                    0.0034993,
                    0.0009349,
                    0.0009072,
                    0.0005182,
                    0.0001462,
                    7.89e-05,
                    9.7106109e-05
                ],
                "geom": [
                    {
                        "element": "C",
                        "xyz": [
                            -1.2367458918973684,
                            -0.00013657274152754445,
                            8.33182513745766e-05
                        ]
                    },
                    {
                        "element": "C",
                        "xyz": [
                            -0.5670487171338646,
                            -1.21324020834178,
                            -0.06877635879712582
                        ]
                    },
                    {
                        "element": "C",
                        "xyz": [
                            0.8323725948913875,
                            -1.2160328480012763,
                            -0.06902992921324308
                        ]
                    },
                    {
                        "element": "C",
                        "xyz": [
                            1.5280879854751694,
                            0.00017415626459641942,
                            -7.57537826785973e-05
                        ]
                    },
                    {
                        "element": "C",
                        "xyz": [
                            0.8321068691329639,
                            1.2162299288024057,
                            0.06894243195454379
                        ]
                    },
                    {
                        "element": "C",
                        "xyz": [
                            -0.567311075945965,
                            1.2131096513695043,
                            0.06882717028423839
                        ]
                    },
                    {
                        "element": "Cl",
                        "xyz": [
                            -1.4698304722549254,
                            2.6814758881584835,
                            0.15165705395653412
                        ]
                    },
                    {
                        "element": "Cl",
                        "xyz": [
                            1.6873462606913663,
                            2.7093234545016807,
                            0.1534591373073027
                        ]
                    },
                    {
                        "element": "Cl",
                        "xyz": [
                            3.251887424311226,
                            0.0003441184781961211,
                            -0.00015743142538600583
                        ]
                    },
                    {
                        "element": "Cl",
                        "xyz": [
                            1.6879675372530456,
                            -2.708913431433565,
                            -0.15365073276400004
                        ]
                    },
                    {
                        "element": "Cl",
                        "xyz": [
                            -1.469217394739823,
                            -2.6818258164971733,
                            -0.15147314460800046
                        ]
                    },
                    {
                        "element": "N",
                        "xyz": [
                            -2.7210512333587524,
                            -0.0002783527642200334,
                            0.00023377503829713484
                        ]
                    },
                    {
                        "element": "O",
                        "xyz": [
                            -3.2589614391915314,
                            0.059440998125512096,
                            -1.089245159624389
                        ]
                    },
                    {
                        "element": "O",
                        "xyz": [
                            -3.2587719741357613,
                            -0.06023609249954261,
                            1.0897721398116416
                        ]
                    }
                ]
            },
            "xtb_rrho": {
                "energy": 0.008315415673,
                "rmsd": null,
                "gibbs": {
                    "298.15": 0.008315415673
                },
                "enthalpy": {
                    "298.15": null
                },
                "entropy": {
                    "298.15": null
                },
                "symmetry": "c1",
                "symnum": 1,
                "linear": false
            },
            "gtot": -2734.531457784327,
            "bmw": 1.0
        }
    },
    "settings": {
        "optcycles": 8,
        "maxcyc": 200,
        "threshold": 1.5,
        "hlow": 0.01,
        "gradthr": 0.01,
        "func": "r2scan-3c",
        "basis": "def2-tzvp",
        "prog": "orca",
        "sm": "smd",
        "gfnv": "gfn2",
        "optlevel": "normal",
        "run": true,
        "macrocycles": false,
        "crestcheck": true,
        "template": false,
        "constrain": false,
        "xtb_opt": true
    },
    "nconf_in": 1,
    "nconf_out": 1
}