{
   "temperature":     298.150000000000,
   "unit": "hartree",
   "energy":     -36.134320929224,
   "free energy":     -36.013439380274,
   "G(T)":       0.120881548951,
   "ZPVE":       0.156391295740,
   "number of imags":0,
   "point group": "c1",
   "gradient norm":       0.000072944787
}
