{
   "temperature":     298.150000000000,
   "unit": "hartree",
   "energy":     -20.783823204445,
   "free energy":     -20.700892401308,
   "G(T)":       0.082930803137,
   "ZPVE":       0.115481966630,
   "number of imags":0,
   "point group": "c1",
   "gradient norm":       0.000146988358
}
