{
    "partname": "prescreening",
    "runtime": 2.1636831169998914,
    "results": {
        "CONF2": {
            "sp": {
                "energy": -415.906077334371
            },
            "gtot": -415.906077334371,
            "bmw": 0.5345998457602034
        },
        "CONF4": {
            "sp": {
                "energy": -415.900036080719
            },
            "gtot": -415.900036080719,
            "bmw": 0.0008897018611232282
        },
        "CONF3": {
            "sp": {
                "energy": -415.901099258545
            },
            "gtot": -415.901099258545,
            "bmw": 0.0027432945965530056
        },
        "CONF1": {
            "sp": {
                "energy": -415.905939051348
            },
            "gtot": -415.905939051348,
            "bmw": 0.46176715778212046
        }
    },
    "settings": {
        "threshold": 4.0,
        "func": "pbe-d4",
        "basis": "def2-sv(p)",
        "prog": "orca",
        "gfnv": "gfn2",
        "run": true,
        "template": false
    },
    "nconf_in": 4,
    "nconf_out": 4
}