{
    "partname": "screening",
    "runtime": 4.85988764799913,
    "results": {
        "CONF2": {
            "sp": {
                "energy": -416.2301126086
            },
            "gtot": -416.2301126086,
            "bmw": 0.4867371802274625
        },
        "CONF4": {
            "sp": {
                "energy": -416.223905701343
            },
            "gtot": -416.223905701343,
            "bmw": 0.0006796961465550534
        },
        "CONF3": {
            "sp": {
                "energy": -416.225503774258
            },
            "gtot": -416.225503774258,
            "bmw": 0.003692984348002653
        },
        "CONF1": {
            "sp": {
                "energy": -416.230154632191
            },
            "gtot": -416.230154632191,
            "bmw": 0.5088901392779799
        }
    },
    "settings": {
        "threshold": 3.5,
        "func": "r2scan-3c",
        "basis": "def2-tzvp",
        "prog": "orca",
        "sm": "smd",
        "gfnv": "gfn2",
        "run": true,
        "implicit": false,
        "template": false
    },
    "nconf_in": 4,
    "nconf_out": 4
}