{
    "partname": "refinement",
    "runtime": 41.14294592100123,
    "results": {
        "CONF2": {
            "sp": {
                "energy": -416.234653139837
            },
            "gtot": -416.234653139837,
            "bmw": 0.506212798107309
        },
        "CONF4": {
            "sp": {
                "energy": -416.228956062012
            },
            "gtot": -416.228956062012,
            "bmw": 0.1986693560145407
        },
        "CONF3": {
            "sp": {
                "energy": -416.230272850692
            },
            "gtot": -416.230272850692,
            "bmw": 0.8013306439854594
        },
        "CONF1": {
            "sp": {
                "energy": -416.23461792709
            },
            "gtot": -416.23461792709,
            "bmw": 0.4876816092017608
        }
    },
    "settings": {
        "threshold": 0.95,
        "func": "wb97x-v",
        "basis": "def2-tzvp",
        "prog": "orca",
        "sm": "smd",
        "gfnv": "gfn2",
        "run": true,
        "implicit": false,
        "template": false
    },
    "nconf_in": 4,
    "nconf_out": 2
}