{
   "temperature":     298.150000000000,
   "unit": "hartree",
   "energy":     -26.293967776077,
   "free energy":     -26.170793757706,
   "G(T)":       0.123174018371,
   "ZPVE":       0.156323872628,
   "number of imags":0,
   "point group": "cs",
   "gradient norm":       0.000063734811
}
