{
   "temperature":     298.150000000000,
   "unit": "hartree",
   "energy":     -20.783823912665,
   "free energy":     -20.700966797823,
   "G(T)":       0.082857114841,
   "ZPVE":       0.115475335290,
   "number of imags":0,
   "point group": "c1",
   "gradient norm":       0.000058064651
}
