{
   "temperature":     298.150000000000,
   "unit": "hartree",
   "energy":     -20.783220118916,
   "free energy":     -20.700982120869,
   "G(T)":       0.082237998047,
   "ZPVE":       0.115377697880,
   "number of imags":0,
   "point group": "c1",
   "gradient norm":       0.000023406669
}
