{
    "partname": "prescreening",
    "runtime": 0.6532732920022681,
    "results": {
        "CONF2": {
            "sp": {
                "energy": -516.702304306684
            },
            "gtot": -516.702304306684,
            "bmw": 0.39337568262964084
        },
        "CONF4": {
            "sp": {
                "energy": -516.700113800846
            },
            "gtot": -516.700113800846,
            "bmw": 0.03865846168874461
        },
        "CONF3": {
            "sp": {
                "energy": -516.700103505178
            },
            "gtot": -516.700103505178,
            "bmw": 0.0382392080245247
        },
        "CONF1": {
            "sp": {
                "energy": -516.702585292026
            },
            "gtot": -516.702585292026,
            "bmw": 0.5297266476570899
        }
    },
    "settings": {
        "threshold": 4.0,
        "func": "pbe-d4",
        "basis": "def2-sv(p)",
        "prog": "orca",
        "gfnv": "gfn2",
        "run": true,
        "template": false
    },
    "nconf_in": 4,
    "nconf_out": 4
}