{
    "partname": "screening",
    "runtime": 4.201983992003079,
    "results": {
        "CONF2": {
            "sp": {
                "energy": -517.254334949523
            },
            "gtot": -517.254334949523,
            "bmw": 0.46766549635828536
        },
        "CONF4": {
            "sp": {
                "energy": -517.251774270288
            },
            "gtot": -517.251774270288,
            "bmw": 0.031053060675184374
        },
        "CONF3": {
            "sp": {
                "energy": -517.25191852608
            },
            "gtot": -517.25191852608,
            "bmw": 0.03617907701767081
        },
        "CONF1": {
            "sp": {
                "energy": -517.25432976051
            },
            "gtot": -517.25432976051,
            "bmw": 0.46510236594885945
        }
    },
    "settings": {
        "threshold": 3.5,
        "func": "r2scan-3c",
        "basis": "def2-tzvp",
        "prog": "orca",
        "sm": "smd",
        "gfnv": "gfn2",
        "run": true,
        "implicit": false,
        "template": false
    },
    "nconf_in": 4,
    "nconf_out": 4
}