{
    "partname": "refinement",
    "runtime": 28.60082954000245,
    "results": {
        "CONF4": {
            "sp": {
                "energy": -517.279140115683
            },
            "gtot": -517.279140115683,
            "bmw": 0.2566001025000818
        },
        "CONF2": {
            "sp": {
                "energy": -517.279120070298
            },
            "gtot": -517.279120070298,
            "bmw": 0.25120980512208296
        },
        "CONF1": {
            "sp": {
                "energy": -517.279107044283
            },
            "gtot": -517.279107044283,
            "bmw": 0.24776789690305176
        },
        "CONF3": {
            "sp": {
                "energy": -517.279094207756
            },
            "gtot": -517.279094207756,
            "bmw": 0.2444221954747835
        }
    },
    "settings": {
        "threshold": 0.95,
        "func": "wb97x-v",
        "basis": "def2-tzvp",
        "prog": "orca",
        "sm": "smd",
        "gfnv": "gfn2",
        "run": true,
        "implicit": false,
        "template": false
    },
    "nconf_in": 4,
    "nconf_out": 4
}