{
   "temperature":     298.150000000000,
   "unit": "hartree",
   "energy":     -25.475828700989,
   "free energy":     -25.345209812115,
   "G(T)":       0.130618888874,
   "ZPVE":       0.163652118741,
   "number of imags":0,
   "point group": "c1",
   "gradient norm":       0.000056512856
}
