{
    "partname": "prescreening",
    "runtime": 2.354403364999598,
    "results": {
        "CONF2": {
            "sp": {
                "energy": -766.083554425932
            },
            "gtot": -766.083554425932,
            "bmw": 0.004197277223943622
        },
        "CONF1": {
            "sp": {
                "energy": -766.088718273907
            },
            "gtot": -766.088718273907,
            "bmw": 0.9958027227760563
        }
    },
    "settings": {
        "threshold": 4.0,
        "func": "pbe-d4",
        "basis": "def2-sv(p)",
        "prog": "orca",
        "gfnv": "gfn2",
        "run": true,
        "template": false
    },
    "nconf_in": 2,
    "nconf_out": 2
}