{
   "temperature":     298.150000000000,
   "unit": "hartree",
   "energy":     -16.986419424561,
   "free energy":     -16.917169851526,
   "G(T)":       0.069249573035,
   "ZPVE":       0.099157008780,
   "number of imags":0,
   "point group": "cs",
   "gradient norm":       0.000074443261
}
