{
   "temperature":     298.150000000000,
   "unit": "hartree",
   "energy":     -13.742953279630,
   "free energy":     -13.670691900334,
   "G(T)":       0.072261379296,
   "ZPVE":       0.101306078604,
   "number of imags":0,
   "point group": "c1",
   "gradient norm":       0.000054505718
}
