{
   "temperature":     298.150000000000,
   "unit": "hartree",
   "energy":     -15.416221935085,
   "free energy":     -15.389063940357,
   "G(T)":       0.027157994728,
   "ZPVE":       0.055731993647,
   "number of imags":0,
   "point group": "c2h",
   "gradient norm":       0.000078805836
}
