{
    "partname": "prescreening",
    "runtime": 0.9697516410014941,
    "results": {
        "CONF1": {
            "sp": {
                "energy": -287.133337556649
            },
            "gtot": -287.133337556649,
            "bmw": 0.10971124846462744
        },
        "CONF4": {
            "sp": {
                "energy": -287.122197888523
            },
            "gtot": -287.122197888523,
            "bmw": 8.248187016685326e-07
        },
        "CONF3": {
            "sp": {
                "energy": -287.124360604552
            },
            "gtot": -287.124360604552,
            "bmw": 8.14965104290443e-06
        },
        "CONF2": {
            "sp": {
                "energy": -287.135314379023
            },
            "gtot": -287.135314379023,
            "bmw": 0.890279777065628
        }
    },
    "settings": {
        "threshold": 4.0,
        "func": "pbe-d4",
        "basis": "def2-sv(p)",
        "prog": "orca",
        "gfnv": "gfn2",
        "run": true,
        "template": false
    },
    "nconf_in": 4,
    "nconf_out": 2
}