{
   "temperature":     298.150000000000,
   "unit": "hartree",
   "energy":     -20.783435979226,
   "free energy":     -20.702781259534,
   "G(T)":       0.080654719692,
   "ZPVE":       0.114957970511,
   "number of imags":0,
   "point group": "c1",
   "gradient norm":       0.000129249073
}
