{
   "temperature":     298.150000000000,
   "unit": "hartree",
   "energy":     -27.916877272110,
   "free energy":     -27.878478796724,
   "G(T)":       0.038398475387,
   "ZPVE":       0.073149372414,
   "number of imags":0,
   "point group": "cs",
   "gradient norm":       0.000116454534
}
