{
   "temperature":     298.150000000000,
   "unit": "hartree",
   "energy":      -7.336370673518,
   "free energy":      -7.283550790281,
   "G(T)":       0.052819883237,
   "ZPVE":       0.074230799488,
   "number of imags":0,
   "point group": "d3d",
   "gradient norm":       0.000042254118
}
