{
   "temperature":     298.150000000000,
   "unit": "hartree",
   "energy":     -36.130781989574,
   "free energy":     -36.008925830308,
   "G(T)":       0.121856159266,
   "ZPVE":       0.156704782264,
   "number of imags":0,
   "point group": "c1",
   "gradient norm":       0.000112745014
}
