{
   "temperature":     298.150000000000,
   "unit": "hartree",
   "energy":     -22.668007116946,
   "free energy":     -22.527725255846,
   "G(T)":       0.140281861100,
   "ZPVE":       0.170710411257,
   "number of imags":0,
   "point group": "cs",
   "gradient norm":       0.000074406876
}
