{
   "temperature":     298.150000000000,
   "unit": "hartree",
   "energy":     -20.133039731779,
   "free energy":     -20.030517356884,
   "G(T)":       0.102522374895,
   "ZPVE":       0.131041308581,
   "number of imags":0,
   "point group": "cs",
   "gradient norm":       0.000039134915
}
