{
   "temperature":     298.150000000000,
   "unit": "hartree",
   "energy":     -14.369705420095,
   "free energy":     -14.365019216366,
   "G(T)":       0.004686203729,
   "ZPVE":       0.032269108853,
   "number of imags":0,
   "point group": "c2v",
   "gradient norm":       0.000013446149
}
