{
   "temperature":     298.150000000000,
   "unit": "hartree",
   "energy":     -36.132003074981,
   "free energy":     -36.009380744514,
   "G(T)":       0.122622330467,
   "ZPVE":       0.156870272305,
   "number of imags":0,
   "point group": "c1",
   "gradient norm":       0.000059770156
}
