{
   "temperature":     298.150000000000,
   "unit": "hartree",
   "energy":     -46.363599911513,
   "free energy":     -46.356613711409,
   "G(T)":       0.006986200103,
   "ZPVE":       0.043373329619,
   "number of imags":0,
   "point group": "d2d",
   "gradient norm":       0.000058720808
}
