{
   "temperature":     298.150000000000,
   "unit": "hartree",
   "energy":     -11.391867388896,
   "free energy":     -11.339498881321,
   "G(T)":       0.052368507576,
   "ZPVE":       0.077870260330,
   "number of imags":0,
   "point group": "cs",
   "gradient norm":       0.000173187465
}
