{
   "temperature":     298.150000000000,
   "unit": "hartree",
   "energy":     -20.783435859838,
   "free energy":     -20.702148711719,
   "G(T)":       0.081287148120,
   "ZPVE":       0.114975450518,
   "number of imags":0,
   "point group": "c1",
   "gradient norm":       0.000030372678
}
