{
   "temperature":     298.150000000000,
   "unit": "hartree",
   "energy":     -22.492244869500,
   "free energy":     -22.382708019711,
   "G(T)":       0.109536849789,
   "ZPVE":       0.140492650125,
   "number of imags":1,
   "point group": "cs",
   "gradient norm":       0.000049195414
}
