{
   "temperature":     298.150000000000,
   "unit": "hartree",
   "energy":     -20.783202193967,
   "free energy":     -20.701493471109,
   "G(T)":       0.081708722858,
   "ZPVE":       0.115335853866,
   "number of imags":0,
   "point group": "c1",
   "gradient norm":       0.000033316428
}
