{
   "temperature":     298.150000000000,
   "unit": "hartree",
   "energy":     -36.133227184483,
   "free energy":     -36.010676250508,
   "G(T)":       0.122550933975,
   "ZPVE":       0.156893618904,
   "number of imags":0,
   "point group": "c1",
   "gradient norm":       0.000082945970
}
