{
   "temperature":     298.150000000000,
   "unit": "hartree",
   "energy":     -22.666273376265,
   "free energy":     -22.525583979598,
   "G(T)":       0.140689396668,
   "ZPVE":       0.171049640930,
   "number of imags":0,
   "point group": "cs",
   "gradient norm":       0.000047545339
}
