{
    "partname": "prescreening",
    "runtime": 3.0497900849950383,
    "results": {
        "CONF5": {
            "sp": {
                "energy": -306.493993770519
            },
            "gtot": -306.493993770519,
            "bmw": 8.021352882429532e-06
        },
        "CONF3": {
            "sp": {
                "energy": -306.504826523413
            },
            "gtot": -306.504826523413,
            "bmw": 0.7708485247758632
        },
        "CONF1": {
            "sp": {
                "energy": -306.503674684433
            },
            "gtot": -306.503674684433,
            "bmw": 0.22759346545458167
        },
        "CONF2": {
            "sp": {
                "energy": -306.496796969528
            },
            "gtot": -306.496796969528,
            "bmw": 0.00015618161689605578
        },
        "CONF4": {
            "sp": {
                "energy": -306.498863574884
            },
            "gtot": -306.498863574884,
            "bmw": 0.0013938067997766898
        }
    },
    "settings": {
        "threshold": 4.0,
        "func": "pbe-d4",
        "basis": "def2-sv(p)",
        "prog": "orca",
        "gfnv": "gfn2",
        "run": true,
        "template": false
    },
    "nconf_in": 5,
    "nconf_out": 3
}