{
    "partname": "screening",
    "runtime": 11.56582065600378,
    "results": {
        "CONF3": {
            "sp": {
                "energy": -307.137274769666
            },
            "gtot": -307.137274769666,
            "bmw": 0.5944806173940279
        },
        "CONF1": {
            "sp": {
                "energy": -307.136908498352
            },
            "gtot": -307.136908498352,
            "bmw": 0.40333374302453506
        },
        "CONF4": {
            "sp": {
                "energy": -307.131981883417
            },
            "gtot": -307.131981883417,
            "bmw": 0.0021856395814370323
        }
    },
    "settings": {
        "threshold": 3.5,
        "func": "r2scan-3c",
        "basis": "def2-tzvp",
        "prog": "orca",
        "sm": "smd",
        "gfnv": "gfn2",
        "run": true,
        "implicit": false,
        "template": false
    },
    "nconf_in": 3,
    "nconf_out": 3
}