{
    "partname": "refinement",
    "runtime": 95.1920862170009,
    "results": {
        "CONF3": {
            "sp": {
                "energy": -307.257637540746
            },
            "gtot": -307.257637540746,
            "bmw": 0.6805265170221427
        },
        "CONF1": {
            "sp": {
                "energy": -307.256918860225
            },
            "gtot": -307.256918860225,
            "bmw": 0.3178885570868263
        },
        "CONF4": {
            "sp": {
                "energy": -307.251913587834
            },
            "gtot": -307.251913587834,
            "bmw": 1.0
        }
    },
    "settings": {
        "threshold": 0.95,
        "func": "wb97x-v",
        "basis": "def2-tzvp",
        "prog": "orca",
        "sm": "smd",
        "gfnv": "gfn2",
        "run": true,
        "implicit": false,
        "template": false
    },
    "nconf_in": 3,
    "nconf_out": 1
}