{
   "temperature":     298.150000000000,
   "unit": "hartree",
   "energy":     -36.133527712884,
   "free energy":     -36.011527184712,
   "G(T)":       0.122000528173,
   "ZPVE":       0.156639955489,
   "number of imags":0,
   "point group": "c1",
   "gradient norm":       0.000078165936
}
