{
   "temperature":     298.150000000000,
   "unit": "hartree",
   "energy":     -36.136121207577,
   "free energy":     -36.014162481962,
   "G(T)":       0.121958725615,
   "ZPVE":       0.156694639360,
   "number of imags":0,
   "point group": "c1",
   "gradient norm":       0.000116446275
}
