{
   "temperature":     298.150000000000,
   "unit": "hartree",
   "energy":     -20.784422405985,
   "free energy":     -20.701816031776,
   "G(T)":       0.082606374209,
   "ZPVE":       0.115417454136,
   "number of imags":0,
   "point group": "c1",
   "gradient norm":       0.000044430829
}
