{
   "temperature":     298.150000000000,
   "unit": "hartree",
   "energy":     -16.986419002185,
   "free energy":     -16.917227144586,
   "G(T)":       0.069191857599,
   "ZPVE":       0.099148879914,
   "number of imags":0,
   "point group": "cs",
   "gradient norm":       0.000195464147
}
