{
   "temperature":     298.150000000000,
   "unit": "hartree",
   "energy":     -20.783436125791,
   "free energy":     -20.702354039823,
   "G(T)":       0.081082085969,
   "ZPVE":       0.114961268672,
   "number of imags":0,
   "point group": "c1",
   "gradient norm":       0.000097339638
}
