{
   "temperature":     298.150000000000,
   "unit": "hartree",
   "energy":     -13.740977355903,
   "free energy":     -13.669317840023,
   "G(T)":       0.071659515881,
   "ZPVE":       0.101058827011,
   "number of imags":0,
   "point group": "cs",
   "gradient norm":       0.000057845453
}
