{
   "temperature":     298.150000000000,
   "unit": "hartree",
   "energy":     -36.135836630836,
   "free energy":     -36.013284769359,
   "G(T)":       0.122551861477,
   "ZPVE":       0.156926696771,
   "number of imags":0,
   "point group": "c1",
   "gradient norm":       0.000051262405
}
