{
    "partname": "prescreening",
    "runtime": 1.3422244300018065,
    "results": {
        "CONF1": {
            "sp": {
                "energy": -364.431364855104
            },
            "gtot": -364.431364855104,
            "bmw": 0.8331750047481288
        },
        "CONF2": {
            "sp": {
                "energy": -364.429846325842
            },
            "gtot": -364.429846325842,
            "bmw": 0.1668249952518711
        }
    },
    "settings": {
        "threshold": 4.0,
        "func": "pbe-d4",
        "basis": "def2-sv(p)",
        "prog": "orca",
        "gfnv": "gfn2",
        "run": true,
        "template": false
    },
    "nconf_in": 2,
    "nconf_out": 2
}