{
   "temperature":     298.150000000000,
   "unit": "hartree",
   "energy":     -26.787157395882,
   "free energy":     -26.666656095678,
   "G(T)":       0.120501300203,
   "ZPVE":       0.153284012552,
   "number of imags":0,
   "point group": "cs",
   "gradient norm":       0.000137552858
}
