{
   "temperature":     298.150000000000,
   "unit": "hartree",
   "energy":     -11.391867432520,
   "free energy":     -11.339500230877,
   "G(T)":       0.052367201642,
   "ZPVE":       0.077866763591,
   "number of imags":0,
   "point group": "cs",
   "gradient norm":       0.000011286598
}
