{
   "temperature":     298.150000000000,
   "unit": "hartree",
   "energy":     -20.783436246275,
   "free energy":     -20.702477264779,
   "G(T)":       0.080958981496,
   "ZPVE":       0.114957632330,
   "number of imags":0,
   "point group": "cs",
   "gradient norm":       0.000024764779
}
