{
    "partname": "prescreening",
    "runtime": 1.0740979999973206,
    "results": {
        "CONF1": {
            "sp": {
                "energy": -235.277208759852
            },
            "gtot": -235.277208759852,
            "bmw": 0.9999776952823584
        },
        "CONF2": {
            "sp": {
                "energy": -235.267095899916
            },
            "gtot": -235.267095899916,
            "bmw": 2.2304717641600088e-05
        }
    },
    "settings": {
        "threshold": 4.0,
        "func": "pbe-d4",
        "basis": "def2-sv(p)",
        "prog": "orca",
        "gfnv": "gfn2",
        "run": true,
        "template": false
    },
    "nconf_in": 2,
    "nconf_out": 1
}