{
   "temperature":     298.150000000000,
   "unit": "hartree",
   "energy":     -16.985849270041,
   "free energy":     -16.916499975609,
   "G(T)":       0.069349294432,
   "ZPVE":       0.099168364299,
   "number of imags":0,
   "point group": "cs",
   "gradient norm":       0.000075785692
}
