{
    "partname": "prescreening",
    "runtime": 2.7674261939973803,
    "results": {
        "CONF5": {
            "sp": {
                "energy": -307.02705038738
            },
            "gtot": -307.02705038738,
            "bmw": 0.04939484496248927
        },
        "CONF10": {
            "sp": {
                "energy": -307.026163707025
            },
            "gtot": -307.026163707025,
            "bmw": 0.019312428758134003
        },
        "CONF3": {
            "sp": {
                "energy": -307.027752565541
            },
            "gtot": -307.027752565541,
            "bmw": 0.10391092808926529
        },
        "CONF6": {
            "sp": {
                "energy": -307.026564392206
            },
            "gtot": -307.026564392206,
            "bmw": 0.029521561178378813
        },
        "CONF4": {
            "sp": {
                "energy": -307.027475482957
            },
            "gtot": -307.027475482957,
            "bmw": 0.07748400443090536
        },
        "CONF11": {
            "sp": {
                "energy": -307.026307046281
            },
            "gtot": -307.026307046281,
            "bmw": 0.02247855493755916
        },
        "CONF12": {
            "sp": {
                "energy": -307.026727353235
            },
            "gtot": -307.026727353235,
            "bmw": 0.03508295813110278
        },
        "CONF2": {
            "sp": {
                "energy": -307.028139659376
            },
            "gtot": -307.028139659376,
            "bmw": 0.15657126594586712
        },
        "CONF1": {
            "sp": {
                "energy": -307.028171954319
            },
            "gtot": -307.028171954319,
            "bmw": 0.16201928399729562
        },
        "CONF8": {
            "sp": {
                "energy": -307.026677509078
            },
            "gtot": -307.026677509078,
            "bmw": 0.03327893963584882
        },
        "CONF16": {
            "sp": {
                "energy": -307.025966455518
            },
            "gtot": -307.025966455518,
            "bmw": 0.015671388672613775
        },
        "CONF15": {
            "sp": {
                "energy": -307.026025243528
            },
            "gtot": -307.026025243528,
            "bmw": 0.016678158418242325
        },
        "CONF14": {
            "sp": {
                "energy": -307.026738217925
            },
            "gtot": -307.026738217925,
            "bmw": 0.035488988114899575
        },
        "CONF9": {
            "sp": {
                "energy": -307.026569635174
            },
            "gtot": -307.026569635174,
            "bmw": 0.02968594775129379
        },
        "CONF7": {
            "sp": {
                "energy": -307.026624990912
            },
            "gtot": -307.026624990912,
            "bmw": 0.03147841058424052
        },
        "CONF18": {
            "sp": {
                "energy": -307.025743256774
            },
            "gtot": -307.025743256774,
            "bmw": 0.0123720927213442
        },
        "CONF17": {
            "sp": {
                "energy": -307.025923018376
            },
            "gtot": -307.025923018376,
            "bmw": 0.014966759481913566
        },
        "CONF27": {
            "sp": {
                "energy": -307.025784912985
            },
            "gtot": -307.025784912985,
            "bmw": 0.012930153983707874
        },
        "CONF19": {
            "sp": {
                "energy": -307.025614134995
            },
            "gtot": -307.025614134995,
            "bmw": 0.01079074075772593
        },
        "CONF23": {
            "sp": {
                "energy": -307.025654481589
            },
            "gtot": -307.025654481589,
            "bmw": 0.01126184141772746
        },
        "CONF21": {
            "sp": {
                "energy": -307.025697505767
            },
            "gtot": -307.025697505767,
            "bmw": 0.011786888074795202
        },
        "CONF20": {
            "sp": {
                "energy": -307.02570990069
            },
            "gtot": -307.02570990069,
            "bmw": 0.011942642431918693
        },
        "CONF28": {
            "sp": {
                "energy": -307.025276989236
            },
            "gtot": -307.025276989236,
            "bmw": 0.007550486654948983
        },
        "CONF22": {
            "sp": {
                "energy": -307.025761510019
            },
            "gtot": -307.025761510019,
            "bmw": 0.012613600668938074
        },
        "CONF24": {
            "sp": {
                "energy": -307.025567936542
            },
            "gtot": -307.025567936542,
            "bmw": 0.010275463987318515
        },
        "CONF26": {
            "sp": {
                "energy": -307.026219979638
            },
            "gtot": -307.026219979638,
            "bmw": 0.020498425554232202
        },
        "CONF25": {
            "sp": {
                "energy": -307.026379102354
            },
            "gtot": -307.026379102354,
            "bmw": 0.02426117821231358
        },
        "CONF13": {
            "sp": {
                "energy": -307.026228856938
            },
            "gtot": -307.026228856938,
            "bmw": 0.020692062444979443
        }
    },
    "settings": {
        "threshold": 4.0,
        "func": "pbe-d4",
        "basis": "def2-sv(p)",
        "prog": "orca",
        "gfnv": "gfn2",
        "run": true,
        "template": false
    },
    "nconf_in": 28,
    "nconf_out": 28
}