{
    "partname": "screening",
    "runtime": 25.234710704000463,
    "results": {
        "CONF14": {
            "sp": {
                "energy": -307.632207046361
            },
            "gtot": -307.632207046361,
            "bmw": 0.039919606161815106
        },
        "CONF7": {
            "sp": {
                "energy": -307.632151570979
            },
            "gtot": -307.632151570979,
            "bmw": 0.03764170948760471
        },
        "CONF1": {
            "sp": {
                "energy": -307.633848498528
            },
            "gtot": -307.633848498528,
            "bmw": 0.22709207676690865
        },
        "CONF3": {
            "sp": {
                "energy": -307.633086113947
            },
            "gtot": -307.633086113947,
            "bmw": 0.10128131899830484
        },
        "CONF8": {
            "sp": {
                "energy": -307.632185934432
            },
            "gtot": -307.632185934432,
            "bmw": 0.03903690995030506
        },
        "CONF10": {
            "sp": {
                "energy": -307.630780415587
            },
            "gtot": -307.630780415587,
            "bmw": 0.008810113735104031
        },
        "CONF6": {
            "sp": {
                "energy": -307.632127020632
            },
            "gtot": -307.632127020632,
            "bmw": 0.03667557746538075
        },
        "CONF11": {
            "sp": {
                "energy": -307.631370292909
            },
            "gtot": -307.631370292909,
            "bmw": 0.016455318845940762
        },
        "CONF5": {
            "sp": {
                "energy": -307.631810012707
            },
            "gtot": -307.631810012707,
            "bmw": 0.02621581770434686
        },
        "CONF13": {
            "sp": {
                "energy": -307.631164364018
            },
            "gtot": -307.631164364018,
            "bmw": 0.013230783670515138
        },
        "CONF25": {
            "sp": {
                "energy": -307.631831122785
            },
            "gtot": -307.631831122785,
            "bmw": 0.026808552924424394
        },
        "CONF2": {
            "sp": {
                "energy": -307.633659825473
            },
            "gtot": -307.633659825473,
            "bmw": 0.1859595060400499
        },
        "CONF12": {
            "sp": {
                "energy": -307.632200742012
            },
            "gtot": -307.632200742012,
            "bmw": 0.03965394940942806
        },
        "CONF9": {
            "sp": {
                "energy": -307.631769853012
            },
            "gtot": -307.631769853012,
            "bmw": 0.025124141309723323
        },
        "CONF26": {
            "sp": {
                "energy": -307.631767449178
            },
            "gtot": -307.631767449178,
            "bmw": 0.025060258144768848
        },
        "CONF4": {
            "sp": {
                "energy": -307.632604957502
            },
            "gtot": -307.632604957502,
            "bmw": 0.06084329193798507
        },
        "CONF15": {
            "sp": {
                "energy": -307.630741709633
            },
            "gtot": -307.630741709633,
            "bmw": 0.008456253789222948
        },
        "CONF16": {
            "sp": {
                "energy": -307.630761883637
            },
            "gtot": -307.630761883637,
            "bmw": 0.008638879336541942
        },
        "CONF18": {
            "sp": {
                "energy": -307.630562539335
            },
            "gtot": -307.630562539335,
            "bmw": 0.006994640144942834
        },
        "CONF28": {
            "sp": {
                "energy": -307.630027285874
            },
            "gtot": -307.630027285874,
            "bmw": 0.003967946667309552
        },
        "CONF23": {
            "sp": {
                "energy": -307.630421423612
            },
            "gtot": -307.630421423612,
            "bmw": 0.006023607101031144
        },
        "CONF17": {
            "sp": {
                "energy": -307.630863311797
            },
            "gtot": -307.630863311797,
            "bmw": 0.009618583782111438
        },
        "CONF27": {
            "sp": {
                "energy": -307.630853001193
            },
            "gtot": -307.630853001193,
            "bmw": 0.00951411907710703
        },
        "CONF22": {
            "sp": {
                "energy": -307.630784876103
            },
            "gtot": -307.630784876103,
            "bmw": 0.008851832969069572
        },
        "CONF20": {
            "sp": {
                "energy": -307.630724107298
            },
            "gtot": -307.630724107298,
            "bmw": 0.008300065027423373
        },
        "CONF21": {
            "sp": {
                "energy": -307.630532264643
            },
            "gtot": -307.630532264643,
            "bmw": 0.006773918727739356
        },
        "CONF19": {
            "sp": {
                "energy": -307.63057408668
            },
            "gtot": -307.63057408668,
            "bmw": 0.007080709666271536
        },
        "CONF24": {
            "sp": {
                "energy": -307.630413064072
            },
            "gtot": -307.630413064072,
            "bmw": 0.00597051115862374
        }
    },
    "settings": {
        "threshold": 3.5,
        "func": "r2scan-3c",
        "basis": "def2-tzvp",
        "prog": "orca",
        "sm": "smd",
        "gfnv": "gfn2",
        "run": true,
        "implicit": false,
        "template": false
    },
    "nconf_in": 28,
    "nconf_out": 28
}