{
    "partname": "refinement",
    "runtime": 159.75468016199738,
    "results": {
        "CONF27": {
            "sp": {
                "energy": -307.719949602974
            },
            "gtot": -307.719949602974,
            "bmw": 0.010532130013934526
        },
        "CONF5": {
            "sp": {
                "energy": -307.72014741663
            },
            "gtot": -307.72014741663,
            "bmw": 0.012986861085988902
        },
        "CONF9": {
            "sp": {
                "energy": -307.721835463075
            },
            "gtot": -307.721835463075,
            "bmw": 0.07761609939758679
        },
        "CONF1": {
            "sp": {
                "energy": -307.721862856955
            },
            "gtot": -307.721862856955,
            "bmw": 0.07990098367778192
        },
        "CONF15": {
            "sp": {
                "energy": -307.721807909439
            },
            "gtot": -307.721807909439,
            "bmw": 0.07538379866127744
        },
        "CONF4": {
            "sp": {
                "energy": -307.721842761372
            },
            "gtot": -307.721842761372,
            "bmw": 0.07821837653361711
        },
        "CONF11": {
            "sp": {
                "energy": -307.721854992338
            },
            "gtot": -307.721854992338,
            "bmw": 0.07923820934623496
        },
        "CONF2": {
            "sp": {
                "energy": -307.721865116073
            },
            "gtot": -307.721865116073,
            "bmw": 0.08009238906815397
        },
        "CONF13": {
            "sp": {
                "energy": -307.721837589842
            },
            "gtot": -307.721837589842,
            "bmw": 0.07779112613258263
        },
        "CONF7": {
            "sp": {
                "energy": -307.720416356316
            },
            "gtot": -307.720416356316,
            "bmw": 0.017266642126546078
        },
        "CONF21": {
            "sp": {
                "energy": -307.721843681884
            },
            "gtot": -307.721843681884,
            "bmw": 0.07829467107184113
        },
        "CONF26": {
            "sp": {
                "energy": -307.719948204412
            },
            "gtot": -307.719948204412,
            "bmw": 0.010516540958936086
        },
        "CONF10": {
            "sp": {
                "energy": -307.721820073719
            },
            "gtot": -307.721820073719,
            "bmw": 0.07636128001182728
        },
        "CONF16": {
            "sp": {
                "energy": -307.721827128169
            },
            "gtot": -307.721827128169,
            "bmw": 0.07693394843969482
        },
        "CONF8": {
            "sp": {
                "energy": -307.720431807181
            },
            "gtot": -307.720431807181,
            "bmw": 0.017551522443783878
        },
        "CONF3": {
            "sp": {
                "energy": -307.721835642191
            },
            "gtot": -307.721835642191,
            "bmw": 0.07763082492470348
        },
        "CONF12": {
            "sp": {
                "energy": -307.72043478772
            },
            "gtot": -307.72043478772,
            "bmw": 0.01760701550999802
        },
        "CONF14": {
            "sp": {
                "energy": -307.720438292714
            },
            "gtot": -307.720438292714,
            "bmw": 0.01767249764385681
        },
        "CONF23": {
            "sp": {
                "energy": -307.718718991515
            },
            "gtot": -307.718718991515,
            "bmw": 0.07448784585504227
        },
        "CONF18": {
            "sp": {
                "energy": -307.720425036081
            },
            "gtot": -307.720425036081,
            "bmw": 0.4537447319565552
        },
        "CONF24": {
            "sp": {
                "energy": -307.720461813304
            },
            "gtot": -307.720461813304,
            "bmw": 0.4717674221884025
        }
    },
    "settings": {
        "threshold": 0.95,
        "func": "wb97x-v",
        "basis": "def2-tzvp",
        "prog": "orca",
        "sm": "smd",
        "gfnv": "gfn2",
        "run": true,
        "implicit": false,
        "template": false
    },
    "nconf_in": 21,
    "nconf_out": 3
}