{
   "temperature":     298.150000000000,
   "unit": "hartree",
   "energy":     -26.787157424000,
   "free energy":     -26.666689068977,
   "G(T)":       0.120468355023,
   "ZPVE":       0.153278806608,
   "number of imags":0,
   "point group": "cs",
   "gradient norm":       0.000037998970
}
