{
   "temperature":     298.150000000000,
   "unit": "hartree",
   "energy":     -36.135799842948,
   "free energy":     -36.013386036422,
   "G(T)":       0.122413806526,
   "ZPVE":       0.156961882872,
   "number of imags":0,
   "point group": "c1",
   "gradient norm":       0.000100307007
}
