{
   "temperature":     298.150000000000,
   "unit": "hartree",
   "energy":     -23.535276682842,
   "free energy":     -23.476415487686,
   "G(T)":       0.058861195156,
   "ZPVE":       0.091358144671,
   "number of imags":0,
   "point group": "cs",
   "gradient norm":       0.000012431654
}
