{
   "temperature":     298.150000000000,
   "unit": "hartree",
   "energy":     -20.783436147653,
   "free energy":     -20.702527567701,
   "G(T)":       0.080908579952,
   "ZPVE":       0.114958446536,
   "number of imags":0,
   "point group": "c1",
   "gradient norm":       0.000087834864
}
