{
   "temperature":     298.150000000000,
   "unit": "hartree",
   "energy":     -13.737009868672,
   "free energy":     -13.664323601728,
   "G(T)":       0.072686266944,
   "ZPVE":       0.102412427709,
   "number of imags":0,
   "point group": "c1",
   "gradient norm":       0.000022098579
}
