{
   "temperature":     298.150000000000,
   "unit": "hartree",
   "energy":     -23.103747322091,
   "free energy":     -23.020329898911,
   "G(T)":       0.083417423181,
   "ZPVE":       0.115529196491,
   "number of imags":0,
   "point group": "cs",
   "gradient norm":       0.000018934609
}
