{
   "temperature":     298.150000000000,
   "unit": "hartree",
   "energy":     -13.742344186414,
   "free energy":     -13.670189166412,
   "G(T)":       0.072155020002,
   "ZPVE":       0.101318455433,
   "number of imags":0,
   "point group": "c1",
   "gradient norm":       0.000015840131
}
