{
   "temperature":     298.150000000000,
   "unit": "hartree",
   "energy":     -14.542667897824,
   "free energy":     -14.477817341184,
   "G(T)":       0.064850556640,
   "ZPVE":       0.093426471428,
   "number of imags":0,
   "point group": "c1",
   "gradient norm":       0.000031522109
}
