{
   "temperature":     298.150000000000,
   "unit": "hartree",
   "energy":     -18.687030662077,
   "free energy":     -18.634856022210,
   "G(T)":       0.052174639867,
   "ZPVE":       0.081641447603,
   "number of imags":0,
   "point group": "c2v",
   "gradient norm":       0.000025597982
}
