{
   "temperature":     298.150000000000,
   "unit": "hartree",
   "energy":     -13.743176588325,
   "free energy":     -13.671071754873,
   "G(T)":       0.072104833451,
   "ZPVE":       0.101263661703,
   "number of imags":0,
   "point group": "c1",
   "gradient norm":       0.000061865467
}
