{
   "temperature":     298.150000000000,
   "unit": "hartree",
   "energy":     -10.356706566824,
   "free energy":     -10.327437693480,
   "G(T)":       0.029268873344,
   "ZPVE":       0.054247244888,
   "number of imags":0,
   "point group": "cs",
   "gradient norm":       0.000009694774
}
