{
    "partname": "prescreening",
    "runtime": 0.5224120819984819,
    "results": {
        "CONF2": {
            "sp": {
                "energy": -477.484137112234
            },
            "gtot": -477.484137112234,
            "bmw": 0.029286407416091138
        },
        "CONF1": {
            "sp": {
                "energy": -477.487111541721
            },
            "gtot": -477.487111541721,
            "bmw": 0.6836108699598196
        },
        "CONF3": {
            "sp": {
                "energy": -477.486111006581
            },
            "gtot": -477.486111006581,
            "bmw": 0.23691614193952157
        },
        "CONF4": {
            "sp": {
                "energy": -477.484645672451
            },
            "gtot": -477.484645672451,
            "bmw": 0.05018658068456774
        }
    },
    "settings": {
        "threshold": 4.0,
        "func": "pbe-d4",
        "basis": "def2-sv(p)",
        "prog": "orca",
        "gfnv": "gfn2",
        "run": true,
        "template": false
    },
    "nconf_in": 4,
    "nconf_out": 4
}