{
    "partname": "screening",
    "runtime": 2.8841498069996305,
    "results": {
        "CONF3": {
            "sp": {
                "energy": -477.956866761962
            },
            "gtot": -477.956866761962,
            "bmw": 0.2724155023127043
        },
        "CONF4": {
            "sp": {
                "energy": -477.955523646581
            },
            "gtot": -477.955523646581,
            "bmw": 0.06568126476578222
        },
        "CONF1": {
            "sp": {
                "energy": -477.957615471069
            },
            "gtot": -477.957615471069,
            "bmw": 0.6020245047132977
        },
        "CONF2": {
            "sp": {
                "energy": -477.955436316755
            },
            "gtot": -477.955436316755,
            "bmw": 0.05987872820821586
        }
    },
    "settings": {
        "threshold": 3.5,
        "func": "r2scan-3c",
        "basis": "def2-tzvp",
        "prog": "orca",
        "sm": "smd",
        "gfnv": "gfn2",
        "run": true,
        "implicit": false,
        "template": false
    },
    "nconf_in": 4,
    "nconf_out": 4
}