{
    "partname": "refinement",
    "runtime": 15.201150573000632,
    "results": {
        "CONF4": {
            "sp": {
                "energy": -477.965198305954
            },
            "gtot": -477.965198305954,
            "bmw": 0.23973826916888813
        },
        "CONF1": {
            "sp": {
                "energy": -477.965931003566
            },
            "gtot": -477.965931003566,
            "bmw": 0.5209006968531436
        },
        "CONF3": {
            "sp": {
                "energy": -477.965196819083
            },
            "gtot": -477.965196819083,
            "bmw": 0.23936103397796832
        }
    },
    "settings": {
        "threshold": 0.95,
        "func": "wb97x-v",
        "basis": "def2-tzvp",
        "prog": "orca",
        "sm": "smd",
        "gfnv": "gfn2",
        "run": true,
        "implicit": false,
        "template": false
    },
    "nconf_in": 3,
    "nconf_out": 3
}