{
   "temperature":     298.150000000000,
   "unit": "hartree",
   "energy":     -14.622853925235,
   "free energy":     -14.601843697355,
   "G(T)":       0.021010227881,
   "ZPVE":       0.048518344117,
   "number of imags":0,
   "point group": "cs",
   "gradient norm":       0.000009146505
}
