{
   "temperature":     298.150000000000,
   "unit": "hartree",
   "energy":     -23.492907779792,
   "free energy":     -23.490398318231,
   "G(T)":       0.002509461562,
   "ZPVE":       0.035944389581,
   "number of imags":0,
   "point group": "cs",
   "gradient norm":       0.000095635828
}
