{
    "partname": "prescreening",
    "runtime": 1.2204001520003658,
    "results": {
        "CONF2": {
            "sp": {
                "energy": -269.933983600048
            },
            "gtot": -269.933983600048,
            "bmw": 0.13644847454573303
        },
        "CONF1": {
            "sp": {
                "energy": -269.935714215083
            },
            "gtot": -269.935714215083,
            "bmw": 0.8530932371406336
        },
        "CONF3": {
            "sp": {
                "energy": -269.931558414633
            },
            "gtot": -269.931558414633,
            "bmw": 0.010458288313633345
        }
    },
    "settings": {
        "threshold": 4.0,
        "func": "pbe-d4",
        "basis": "def2-sv(p)",
        "prog": "orca",
        "gfnv": "gfn2",
        "run": true,
        "template": false
    },
    "nconf_in": 3,
    "nconf_out": 3
}