{
    "partname": "screening",
    "runtime": 8.140845084999455,
    "results": {
        "CONF1": {
            "sp": {
                "energy": -270.474164636558
            },
            "gtot": -270.474164636558,
            "bmw": 0.8346351342984404
        },
        "CONF2": {
            "sp": {
                "energy": -270.472551844559
            },
            "gtot": -270.472551844559,
            "bmw": 0.15123896385986627
        },
        "CONF3": {
            "sp": {
                "energy": -270.470313325467
            },
            "gtot": -270.470313325467,
            "bmw": 0.014125901841693279
        }
    },
    "settings": {
        "threshold": 3.5,
        "func": "r2scan-3c",
        "basis": "def2-tzvp",
        "prog": "orca",
        "sm": "smd",
        "gfnv": "gfn2",
        "run": true,
        "implicit": false,
        "template": false
    },
    "nconf_in": 3,
    "nconf_out": 3
}