{
    "partname": "prescreening",
    "runtime": 0.6895645730000979,
    "results": {
        "CONF1": {
            "sp": {
                "energy": -516.700287715378
            },
            "gtot": -516.700287715378,
            "bmw": 0.22947495747755023
        },
        "CONF4": {
            "sp": {
                "energy": -516.699267139509
            },
            "gtot": -516.699267139509,
            "bmw": 0.07785793713992664
        },
        "CONF2": {
            "sp": {
                "energy": -516.700606813518
            },
            "gtot": -516.700606813518,
            "bmw": 0.32174387095375834
        },
        "CONF5": {
            "sp": {
                "energy": -516.69892862323
            },
            "gtot": -516.69892862323,
            "bmw": 0.054399659664189956
        },
        "CONF3": {
            "sp": {
                "energy": -516.700591368491
            },
            "gtot": -516.700591368491,
            "bmw": 0.3165235747645749
        }
    },
    "settings": {
        "threshold": 4.0,
        "func": "pbe-d4",
        "basis": "def2-sv(p)",
        "prog": "orca",
        "gfnv": "gfn2",
        "run": true,
        "template": false
    },
    "nconf_in": 5,
    "nconf_out": 5
}