{
    "partname": "screening",
    "runtime": 4.677566176997061,
    "results": {
        "CONF4": {
            "sp": {
                "energy": -517.256234114081
            },
            "gtot": -517.256234114081,
            "bmw": 0.13029617524329304
        },
        "CONF3": {
            "sp": {
                "energy": -517.25693973442
            },
            "gtot": -517.25693973442,
            "bmw": 0.275102512552531
        },
        "CONF1": {
            "sp": {
                "energy": -517.257092342038
            },
            "gtot": -517.257092342038,
            "bmw": 0.32336216376120147
        },
        "CONF5": {
            "sp": {
                "energy": -517.255558529278
            },
            "gtot": -517.255558529278,
            "bmw": 0.06370656196838347
        },
        "CONF2": {
            "sp": {
                "energy": -517.256673611091
            },
            "gtot": -517.256673611091,
            "bmw": 0.20753258647459105
        }
    },
    "settings": {
        "threshold": 3.5,
        "func": "r2scan-3c",
        "basis": "def2-tzvp",
        "prog": "orca",
        "sm": "smd",
        "gfnv": "gfn2",
        "run": true,
        "implicit": false,
        "template": false
    },
    "nconf_in": 5,
    "nconf_out": 5
}