{
    "partname": "refinement",
    "runtime": 29.85777257799782,
    "results": {
        "CONF4": {
            "sp": {
                "energy": -517.280215267419
            },
            "gtot": -517.280215267419,
            "bmw": 0.12116937300745255
        },
        "CONF1": {
            "sp": {
                "energy": -517.281089944629
            },
            "gtot": -517.281089944629,
            "bmw": 0.30599654863985976
        },
        "CONF2": {
            "sp": {
                "energy": -517.280942827936
            },
            "gtot": -517.280942827936,
            "bmw": 0.2618469583114071
        },
        "CONF5": {
            "sp": {
                "energy": -517.279687300354
            },
            "gtot": -517.279687300354,
            "bmw": 0.06926994150603341
        },
        "CONF3": {
            "sp": {
                "energy": -517.280867300932
            },
            "gtot": -517.280867300932,
            "bmw": 0.24171717853524713
        }
    },
    "settings": {
        "threshold": 0.95,
        "func": "wb97x-v",
        "basis": "def2-tzvp",
        "prog": "orca",
        "sm": "smd",
        "gfnv": "gfn2",
        "run": true,
        "implicit": false,
        "template": false
    },
    "nconf_in": 5,
    "nconf_out": 5
}