{
   "temperature":     298.150000000000,
   "unit": "hartree",
   "energy":     -36.134834427850,
   "free energy":     -36.012374775616,
   "G(T)":       0.122459652233,
   "ZPVE":       0.157012154203,
   "number of imags":0,
   "point group": "c1",
   "gradient norm":       0.000038437224
}
