{
   "temperature":     298.150000000000,
   "unit": "hartree",
   "energy":     -36.133282237233,
   "free energy":     -36.010654969582,
   "G(T)":       0.122627267651,
   "ZPVE":       0.156954246682,
   "number of imags":0,
   "point group": "c1",
   "gradient norm":       0.000089281339
}
