{
    "partname": "prescreening",
    "runtime": 10.824048103997484,
    "results": {
        "CONF35": {
            "sp": {
                "energy": -571.409414579749
            },
            "gtot": -571.409414579749,
            "bmw": 3.796305104688586e-07
        },
        "CONF31": {
            "sp": {
                "energy": -571.41833240999
            },
            "gtot": -571.41833240999,
            "bmw": 0.0048004182867401315
        },
        "CONF27": {
            "sp": {
                "energy": -571.417234692875
            },
            "gtot": -571.417234692875,
            "bmw": 0.001500942860108999
        },
        "CONF16": {
            "sp": {
                "energy": -571.417524913506
            },
            "gtot": -571.417524913506,
            "bmw": 0.0020410629956927745
        },
        "CONF20": {
            "sp": {
                "energy": -571.412729000428
            },
            "gtot": -571.412729000428,
            "bmw": 1.2702496740871697e-05
        },
        "CONF8": {
            "sp": {
                "energy": -571.420943667063
            },
            "gtot": -571.420943667063,
            "bmw": 0.07627359110557223
        },
        "CONF36": {
            "sp": {
                "energy": -571.415170580337
            },
            "gtot": -571.415170580337,
            "bmw": 0.00016863127040588944
        },
        "CONF32": {
            "sp": {
                "energy": -571.416448288711
            },
            "gtot": -571.416448288711,
            "bmw": 0.000652594309385486
        },
        "CONF33": {
            "sp": {
                "energy": -571.412705572505
            },
            "gtot": -571.412705572505,
            "bmw": 1.2391189350428161e-05
        },
        "CONF23": {
            "sp": {
                "energy": -571.413868578287
            },
            "gtot": -571.413868578287,
            "bmw": 4.246768856206804e-05
        },
        "CONF5": {
            "sp": {
                "energy": -571.419586814303
            },
            "gtot": -571.419586814303,
            "bmw": 0.01812446208428584
        },
        "CONF28": {
            "sp": {
                "energy": -571.418950335452
            },
            "gtot": -571.418950335452,
            "bmw": 0.009236450766916544
        },
        "CONF19": {
            "sp": {
                "energy": -571.418264891354
            },
            "gtot": -571.418264891354,
            "bmw": 0.004469126613733272
        },
        "CONF7": {
            "sp": {
                "energy": -571.414154027645
            },
            "gtot": -571.414154027645,
            "bmw": 5.7458758756352024e-05
        },
        "CONF48": {
            "sp": {
                "energy": -571.412431066077
            },
            "gtot": -571.412431066077,
            "bmw": 9.265071533089966e-06
        },
        "CONF29": {
            "sp": {
                "energy": -571.417827300419
            },
            "gtot": -571.417827300419,
            "bmw": 0.002811543202076079
        },
        "CONF25": {
            "sp": {
                "energy": -571.41847010589
            },
            "gtot": -571.41847010589,
            "bmw": 0.005554114279173461
        },
        "CONF18": {
            "sp": {
                "energy": -571.41450581406
            },
            "gtot": -571.41450581406,
            "bmw": 8.340014202239083e-05
        },
        "CONF10": {
            "sp": {
                "energy": -571.414326241503
            },
            "gtot": -571.414326241503,
            "bmw": 6.895553485615078e-05
        },
        "CONF12": {
            "sp": {
                "energy": -571.420798874795
            },
            "gtot": -571.420798874795,
            "bmw": 0.06542961443049317
        },
        "CONF21": {
            "sp": {
                "energy": -571.415769841059
            },
            "gtot": -571.415769841059,
            "bmw": 0.00031811120290481593
        },
        "CONF3": {
            "sp": {
                "energy": -571.417412164562
            },
            "gtot": -571.417412164562,
            "bmw": 0.0018113212604838982
        },
        "CONF4": {
            "sp": {
                "energy": -571.421372209272
            },
            "gtot": -571.421372209272,
            "bmw": 0.12008533276817733
        },
        "CONF38": {
            "sp": {
                "energy": -571.412714616794
            },
            "gtot": -571.412714616794,
            "bmw": 1.2510454232984212e-05
        },
        "CONF13": {
            "sp": {
                "energy": -571.416577270513
            },
            "gtot": -571.416577270513,
            "bmw": 0.0007481192067018006
        },
        "CONF22": {
            "sp": {
                "energy": -571.418948390408
            },
            "gtot": -571.418948390408,
            "bmw": 0.009217443014880278
        },
        "CONF34": {
            "sp": {
                "energy": -571.412095770123
            },
            "gtot": -571.412095770123,
            "bmw": 6.495660430372357e-06
        },
        "CONF14": {
            "sp": {
                "energy": -571.417089699798
            },
            "gtot": -571.417089699798,
            "bmw": 0.0012872768536181317
        },
        "CONF37": {
            "sp": {
                "energy": -571.418679796477
            },
            "gtot": -571.418679796477,
            "bmw": 0.006935308829147587
        },
        "CONF30": {
            "sp": {
                "energy": -571.416932544472
            },
            "gtot": -571.416932544472,
            "bmw": 0.0010898971429181613
        },
        "CONF9": {
            "sp": {
                "energy": -571.414471941649
            },
            "gtot": -571.414471941649,
            "bmw": 8.046121005243737e-05
        },
        "CONF39": {
            "sp": {
                "energy": -571.409578533148
            },
            "gtot": -571.409578533148,
            "bmw": 4.516213371572141e-07
        },
        "CONF26": {
            "sp": {
                "energy": -571.417291231616
            },
            "gtot": -571.417291231616,
            "bmw": 0.001593566457889051
        },
        "CONF6": {
            "sp": {
                "energy": -571.414051458464
            },
            "gtot": -571.414051458464,
            "bmw": 5.154394826367782e-05
        },
        "CONF17": {
            "sp": {
                "energy": -571.419237990895
            },
            "gtot": -571.419237990895,
            "bmw": 0.012526145864333722
        },
        "CONF2": {
            "sp": {
                "energy": -571.416550875382
            },
            "gtot": -571.416550875382,
            "bmw": 0.0007274947855598342
        },
        "CONF11": {
            "sp": {
                "energy": -571.419921372124
            },
            "gtot": -571.419921372124,
            "bmw": 0.025831585993479223
        },
        "CONF24": {
            "sp": {
                "energy": -571.420101702641
            },
            "gtot": -571.420101702641,
            "bmw": 0.03126780305017365
        },
        "CONF1": {
            "sp": {
                "energy": -571.422870721183
            },
            "gtot": -571.422870721183,
            "bmw": 0.5871617189505434
        },
        "CONF15": {
            "sp": {
                "energy": -571.41694175881
            },
            "gtot": -571.41694175881,
            "bmw": 0.0011005855746017146
        },
        "CONF40": {
            "sp": {
                "energy": -571.417240715037
            },
            "gtot": -571.417240715037,
            "bmw": 0.001510546719409944
        },
        "CONF46": {
            "sp": {
                "energy": -571.418114751712
            },
            "gtot": -571.418114751712,