{
    "partname": "screening",
    "runtime": 72.23666457699801,
    "results": {
        "CONF19": {
            "sp": {
                "energy": -572.560035972167
            },
            "gtot": -572.560035972167,
            "bmw": 0.0008335772595067956
        },
        "CONF29": {
            "sp": {
                "energy": -572.561629208121
            },
            "gtot": -572.561629208121,
            "bmw": 0.004505921998606438
        },
        "CONF4": {
            "sp": {
                "energy": -572.563091052519
            },
            "gtot": -572.563091052519,
            "bmw": 0.02119266378795758
        },
        "CONF37": {
            "sp": {
                "energy": -572.562108254423
            },
            "gtot": -572.562108254423,
            "bmw": 0.0074839299849278245
        },
        "CONF46": {
            "sp": {
                "energy": -572.561020116486
            },
            "gtot": -572.561020116486,
            "bmw": 0.0023638554206326747
        },
        "CONF24": {
            "sp": {
                "energy": -572.56240859343
            },
            "gtot": -572.56240859343,
            "bmw": 0.010286700523732413
        },
        "CONF11": {
            "sp": {
                "energy": -572.563245743635
            },
            "gtot": -572.563245743635,
            "bmw": 0.024965400436563076
        },
        "CONF31": {
            "sp": {
                "energy": -572.560348848596
            },
            "gtot": -572.560348848596,
            "bmw": 0.001161071737876887
        },
        "CONF22": {
            "sp": {
                "energy": -572.562491675659
            },
            "gtot": -572.562491675659,
            "bmw": 0.011232884063662425
        },
        "CONF5": {
            "sp": {
                "energy": -572.563033147475
            },
            "gtot": -572.563033147475,
            "bmw": 0.0199320088689553
        },
        "CONF1": {
            "sp": {
                "energy": -572.566544090149
            },
            "gtot": -572.566544090149,
            "bmw": 0.8212453347928562
        },
        "CONF28": {
            "sp": {
                "energy": -572.561581213687
            },
            "gtot": -572.561581213687,
            "bmw": 0.004282602418446383
        },
        "CONF8": {
            "sp": {
                "energy": -572.562917998235
            },
            "gtot": -572.562917998235,
            "bmw": 0.01764355467445404
        },
        "CONF12": {
            "sp": {
                "energy": -572.562907741459
            },
            "gtot": -572.562907741459,
            "bmw": 0.01745292800554107
        },
        "CONF17": {
            "sp": {
                "energy": -572.562456765855
            },
            "gtot": -572.562456765855,
            "bmw": 0.010825148884606834
        },
        "CONF25": {
            "sp": {
                "energy": -572.561760145331
            },
            "gtot": -572.561760145331,
            "bmw": 0.005176194859479776
        },
        "CONF27": {
            "sp": {
                "energy": -572.561094384401
            },
            "gtot": -572.561094384401,
            "bmw": 0.002557300636539956
        },
        "CONF3": {
            "sp": {
                "energy": -572.561146514678
            },
            "gtot": -572.561146514678,
            "bmw": 0.002702464852300012
        },
        "CONF53": {
            "sp": {
                "energy": -572.561530268608
            },
            "gtot": -572.561530268608,
            "bmw": 0.004057650562269831
        },
        "CONF15": {
            "sp": {
                "energy": -572.561117001601
            },
            "gtot": -572.561117001601,
            "bmw": 0.002619298405791048
        },
        "CONF16": {
            "sp": {
                "energy": -572.558707589516
            },
            "gtot": -572.558707589516,
            "bmw": 0.00020414189114192755
        },
        "CONF40": {
            "sp": {
                "energy": -572.559728410321
            },
            "gtot": -572.559728410321,
            "bmw": 0.000601834668737947
        },
        "CONF30": {
            "sp": {
                "energy": -572.560945950662
            },
            "gtot": -572.560945950662,
            "bmw": 0.0021852795058231456
        },
        "CONF14": {
            "sp": {
                "energy": -572.561023408342
            },
            "gtot": -572.561023408342,
            "bmw": 0.0023721112837599887
        },
        "CONF13": {
            "sp": {
                "energy": -572.560272641148
            },
            "gtot": -572.560272641148,
            "bmw": 0.001071040896371388
        },
        "CONF26": {
            "sp": {
                "energy": -572.559997238618
            },
            "gtot": -572.559997238618,
            "bmw": 0.0008000730819090571
        },
        "CONF2": {
            "sp": {
                "energy": -572.558879951269
            },
            "gtot": -572.558879951269,
            "bmw": 0.0002450264975500267
        }
    },
    "settings": {
        "threshold": 3.5,
        "func": "r2scan-3c",
        "basis": "def2-tzvp",
        "prog": "orca",
        "sm": "smd",
        "gfnv": "gfn2",
        "run": true,
        "implicit": false,
        "template": false
    },
    "nconf_in": 27,
    "nconf_out": 27
}