{
   "temperature":     298.150000000000,
   "unit": "hartree",
   "energy":     -13.664177429449,
   "free energy":     -13.560685462951,
   "G(T)":       0.103491966498,
   "ZPVE":       0.131007325115,
   "number of imags":0,
   "point group": "c2",
   "gradient norm":       0.000022953118
}
