{
    "partname": "prescreening",
    "runtime": 1.4293738480009779,
    "results": {
        "CONF1": {
            "sp": {
                "energy": -385.241382036385
            },
            "gtot": -385.241382036385,
            "bmw": 0.8766352677892516
        },
        "CONF2": {
            "sp": {
                "energy": -385.239530543192
            },
            "gtot": -385.239530543192,
            "bmw": 0.12336473221074849
        }
    },
    "settings": {
        "threshold": 4.0,
        "func": "pbe-d4",
        "basis": "def2-sv(p)",
        "prog": "orca",
        "gfnv": "gfn2",
        "run": true,
        "template": false
    },
    "nconf_in": 2,
    "nconf_out": 2
}