{
   "temperature":     298.150000000000,
   "unit": "hartree",
   "energy":     -13.737010183241,
   "free energy":     -13.664307780736,
   "G(T)":       0.072702402505,
   "ZPVE":       0.102418339397,
   "number of imags":0,
   "point group": "c1",
   "gradient norm":       0.000040700621
}
