{
   "temperature":     298.150000000000,
   "unit": "hartree",
   "energy":     -28.031040714145,
   "free energy":     -27.994897334660,
   "G(T)":       0.036143379485,
   "ZPVE":       0.068967537633,
   "number of imags":0,
   "point group": "d3h",
   "gradient norm":       0.000018460513
}
