{
   "temperature":     298.150000000000,
   "unit": "hartree",
   "energy":     -26.718380126365,
   "free energy":     -26.733020383930,
   "G(T)":      -0.014640257565,
   "ZPVE":       0.019510574741,
   "number of imags":0,
   "point group": "cs",
   "gradient norm":       0.000117075029
}
