{
    "partname": "prescreening",
    "runtime": 0.5499188840003626,
    "results": {
        "CONF1": {
            "sp": {
                "energy": -998.147619081519
            },
            "gtot": -998.147619081519,
            "bmw": 0.8596034002072855
        },
        "CONF2": {
            "sp": {
                "energy": -998.145908220633
            },
            "gtot": -998.145908220633,
            "bmw": 0.14039659979271443
        }
    },
    "settings": {
        "threshold": 4.0,
        "func": "pbe-d4",
        "basis": "def2-sv(p)",
        "prog": "orca",
        "gfnv": "gfn2",
        "run": true,
        "template": false
    },
    "nconf_in": 2,
    "nconf_out": 2
}