{
   "temperature":     298.150000000000,
   "unit": "hartree",
   "energy":      -8.226118433767,
   "free energy":      -8.199154751882,
   "G(T)":       0.026963681885,
   "ZPVE":       0.049641378059,
   "number of imags":0,
   "point group": "cs",
   "gradient norm":       0.000026826765
}
