{
    "partname": "prescreening",
    "runtime": 3.5066084819991374,
    "results": {
        "CONF2": {
            "sp": {
                "energy": -385.239365484918
            },
            "gtot": -385.239365484918,
            "bmw": 0.3066969775288208
        },
        "CONF3": {
            "sp": {
                "energy": -385.238437728834
            },
            "gtot": -385.238437728834,
            "bmw": 0.1148077581687493
        },
        "CONF1": {
            "sp": {
                "energy": -385.239831206824
            },
            "gtot": -385.239831206824,
            "bmw": 0.5022578630701656
        },
        "CONF5": {
            "sp": {
                "energy": -385.23616809407
            },
            "gtot": -385.23616809407,
            "bmw": 0.010375559111203287
        },
        "CONF4": {
            "sp": {
                "energy": -385.237913046076
            },
            "gtot": -385.237913046076,
            "bmw": 0.06586184212106101
        }
    },
    "settings": {
        "threshold": 4.0,
        "func": "pbe-d4",
        "basis": "def2-sv(p)",
        "prog": "orca",
        "gfnv": "gfn2",
        "run": true,
        "template": false
    },
    "nconf_in": 5,
    "nconf_out": 5
}