{
    "partname": "screening",
    "runtime": 14.825733604000561,
    "results": {
        "CONF5": {
            "sp": {
                "energy": -386.001103948819
            },
            "gtot": -386.001103948819,
            "bmw": 0.008513308735085236
        },
        "CONF4": {
            "sp": {
                "energy": -386.002788594067
            },
            "gtot": -386.002788594067,
            "bmw": 0.0506969181344694
        },
        "CONF1": {
            "sp": {
                "energy": -386.004741715272
            },
            "gtot": -386.004741715272,
            "bmw": 0.40119464491937573
        },
        "CONF3": {
            "sp": {
                "energy": -386.004003662627
            },
            "gtot": -386.004003662627,
            "bmw": 0.1836007326610797
        },
        "CONF2": {
            "sp": {
                "energy": -386.004628855359
            },
            "gtot": -386.004628855359,
            "bmw": 0.35599439554998985
        }
    },
    "settings": {
        "threshold": 3.5,
        "func": "r2scan-3c",
        "basis": "def2-tzvp",
        "prog": "orca",
        "sm": "smd",
        "gfnv": "gfn2",
        "run": true,
        "implicit": false,
        "template": false
    },
    "nconf_in": 5,
    "nconf_out": 5
}