{
    "partname": "refinement",
    "runtime": 127.93690867899932,
    "results": {
        "CONF3": {
            "sp": {
                "energy": -386.12105063951
            },
            "gtot": -386.12105063951,
            "bmw": 0.13871169026014074
        },
        "CONF1": {
            "sp": {
                "energy": -386.122169956719
            },
            "gtot": -386.122169956719,
            "bmw": 0.45390330147129226
        },
        "CONF2": {
            "sp": {
                "energy": -386.121954670106
            },
            "gtot": -386.121954670106,
            "bmw": 0.3613585660733795
        },
        "CONF4": {
            "sp": {
                "energy": -386.119846628773
            },
            "gtot": -386.119846628773,
            "bmw": 0.8419747239576945
        },
        "CONF5": {
            "sp": {
                "energy": -386.118267014011
            },
            "gtot": -386.118267014011,
            "bmw": 0.15802527604230557
        }
    },
    "settings": {
        "threshold": 0.95,
        "func": "wb97x-v",
        "basis": "def2-tzvp",
        "prog": "orca",
        "sm": "smd",
        "gfnv": "gfn2",
        "run": true,
        "implicit": false,
        "template": false
    },
    "nconf_in": 5,
    "nconf_out": 2
}