{
   "temperature":     298.150000000000,
   "unit": "hartree",
   "energy":     -25.475828625302,
   "free energy":     -25.345198601382,
   "G(T)":       0.130630023920,
   "ZPVE":       0.163652802566,
   "number of imags":0,
   "point group": "c1",
   "gradient norm":       0.000105242264
}
