{
   "temperature":     298.150000000000,
   "unit": "hartree",
   "energy":     -32.105210183850,
   "free energy":     -32.119133910688,
   "G(T)":      -0.013923726838,
   "ZPVE":       0.021022440409,
   "number of imags":0,
   "point group": "cs",
   "gradient norm":       0.000115090712
}
