{
   "temperature":     298.150000000000,
   "unit": "hartree",
   "energy":     -18.816385730558,
   "free energy":     -18.730177390034,
   "G(T)":       0.086208340524,
   "ZPVE":       0.116805561353,
   "number of imags":0,
   "point group": "cs",
   "gradient norm":       0.000051867092
}
