{
   "temperature":     298.150000000000,
   "unit": "hartree",
   "energy":     -11.394339384138,
   "free energy":     -11.341589768752,
   "G(T)":       0.052749615386,
   "ZPVE":       0.078130543729,
   "number of imags":0,
   "point group": "c1",
   "gradient norm":       0.000032627324
}
