{
   "temperature":     298.150000000000,
   "unit": "hartree",
   "energy":     -14.479489921818,
   "free energy":     -14.455541667599,
   "G(T)":       0.023948254219,
   "ZPVE":       0.054910015642,
   "number of imags":0,
   "point group": "c2",
   "gradient norm":       0.000036602410
}
