{
   "temperature":     298.150000000000,
   "unit": "hartree",
   "energy":     -27.117157053670,
   "free energy":     -26.982347017720,
   "G(T)":       0.134810035950,
   "ZPVE":       0.170724016048,
   "number of imags":0,
   "point group": "c1",
   "gradient norm":       0.000084049638
}
