{
   "temperature":     298.150000000000,
   "unit": "hartree",
   "energy":     -10.753048281057,
   "free energy":     -10.687731213410,
   "G(T)":       0.065317067647,
   "ZPVE":       0.090858691286,
   "number of imags":0,
   "point group": "c1",
   "gradient norm":       0.000054448475
}
