{
   "temperature":     298.150000000000,
   "unit": "hartree",
   "energy":     -62.181825695280,
   "free energy":     -62.124928773893,
   "G(T)":       0.056896921386,
   "ZPVE":       0.104811346892,
   "number of imags":0,
   "point group": "c2v",
   "gradient norm":       0.000033046800
}
