{
   "temperature":     298.150000000000,
   "unit": "hartree",
   "energy":     -39.379139578674,
   "free energy":     -39.213101534041,
   "G(T)":       0.166038044633,
   "ZPVE":       0.200573173781,
   "number of imags":0,
   "point group": "d2h",
   "gradient norm":       0.000023084398
}
