{
   "temperature":     298.150000000000,
   "unit": "hartree",
   "energy":     -22.493864436145,
   "free energy":     -22.384976654429,
   "G(T)":       0.108887781716,
   "ZPVE":       0.140633888976,
   "number of imags":0,
   "point group": "cs",
   "gradient norm":       0.000055034716
}
