{
    "partname": "prescreening",
    "runtime": 0.8274578009986726,
    "results": {
        "CONF1": {
            "sp": {
                "energy": -1754.643070407394
            },
            "gtot": -1754.643070407394,
            "bmw": 0.8570003714224392
        },
        "CONF2": {
            "sp": {
                "energy": -1754.641379755372
            },
            "gtot": -1754.641379755372,
            "bmw": 0.14299962857756077
        }
    },
    "settings": {
        "threshold": 4.0,
        "func": "pbe-d4",
        "basis": "def2-sv(p)",
        "prog": "orca",
        "gfnv": "gfn2",
        "run": true,
        "template": false
    },
    "nconf_in": 2,
    "nconf_out": 2
}