{
    "partname": "prescreening",
    "runtime": 2.0918624730002193,
    "results": {
        "CONF4": {
            "sp": {
                "energy": -385.452971115708
            },
            "gtot": -385.452971115708,
            "bmw": 0.06491363552139508
        },
        "CONF3": {
            "sp": {
                "energy": -385.453969532192
            },
            "gtot": -385.453969532192,
            "bmw": 0.18688555144142302
        },
        "CONF2": {
            "sp": {
                "energy": -385.454203036601
            },
            "gtot": -385.454203036601,
            "bmw": 0.23932073052285294
        },
        "CONF1": {
            "sp": {
                "energy": -385.454915336193
            },
            "gtot": -385.454915336193,
            "bmw": 0.5088800825143289
        }
    },
    "settings": {
        "threshold": 4.0,
        "func": "pbe-d4",
        "basis": "def2-sv(p)",
        "prog": "orca",
        "gfnv": "gfn2",
        "run": true,
        "template": false
    },
    "nconf_in": 4,
    "nconf_out": 4
}