{
    "partname": "screening",
    "runtime": 20.33084949499971,
    "results": {
        "CONF3": {
            "sp": {
                "energy": -386.234342488047
            },
            "gtot": -386.234342488047,
            "bmw": 0.25931636406133324
        },
        "CONF4": {
            "sp": {
                "energy": -386.232714628908
            },
            "gtot": -386.232714628908,
            "bmw": 0.04624518804461848
        },
        "CONF2": {
            "sp": {
                "energy": -386.233894723974
            },
            "gtot": -386.233894723974,
            "bmw": 0.16138854513419415
        },
        "CONF1": {
            "sp": {
                "energy": -386.235022835018
            },
            "gtot": -386.235022835018,
            "bmw": 0.5330499027598541
        }
    },
    "settings": {
        "threshold": 3.5,
        "func": "r2scan-3c",
        "basis": "def2-tzvp",
        "prog": "orca",
        "sm": "smd",
        "gfnv": "gfn2",
        "run": true,
        "implicit": false,
        "template": false
    },
    "nconf_in": 4,
    "nconf_out": 4
}