{
    "partname": "refinement",
    "runtime": 122.85300620099952,
    "results": {
        "CONF4": {
            "sp": {
                "energy": -386.353188422895
            },
            "gtot": -386.353188422895,
            "bmw": 0.14013245347557274
        },
        "CONF1": {
            "sp": {
                "energy": -386.354107456102
            },
            "gtot": -386.354107456102,
            "bmw": 0.3709067522140263
        },
        "CONF2": {
            "sp": {
                "energy": -386.354024523458
            },
            "gtot": -386.354024523458,
            "bmw": 0.3397178476474548
        },
        "CONF3": {
            "sp": {
                "energy": -386.353247894597
            },
            "gtot": -386.353247894597,
            "bmw": 0.14924294666294619
        }
    },
    "settings": {
        "threshold": 0.95,
        "func": "wb97x-v",
        "basis": "def2-tzvp",
        "prog": "orca",
        "sm": "smd",
        "gfnv": "gfn2",
        "run": true,
        "implicit": false,
        "template": false
    },
    "nconf_in": 4,
    "nconf_out": 4
}