{
   "temperature":     298.150000000000,
   "unit": "hartree",
   "energy":     -14.483012100227,
   "free energy":     -14.458907112659,
   "G(T)":       0.024104987568,
   "ZPVE":       0.054910912998,
   "number of imags":0,
   "point group": "c2h",
   "gradient norm":       0.000028042487
}
