{
   "temperature":     298.150000000000,
   "unit": "hartree",
   "energy":     -17.731827666195,
   "free energy":     -17.628001236460,
   "G(T)":       0.103826429736,
   "ZPVE":       0.133215764171,
   "number of imags":0,
   "point group": "cs",
   "gradient norm":       0.000026933660
}
