{
   "temperature":     298.150000000000,
   "unit": "hartree",
   "energy":     -13.664177152759,
   "free energy":     -13.560676038805,
   "G(T)":       0.103501113954,
   "ZPVE":       0.131010284213,
   "number of imags":0,
   "point group": "c2",
   "gradient norm":       0.000019621065
}
