{
   "temperature":     298.150000000000,
   "unit": "hartree",
   "energy":     -18.814594829659,
   "free energy":     -18.727738547573,
   "G(T)":       0.086856282086,
   "ZPVE":       0.117111327819,
   "number of imags":0,
   "point group": "c1",
   "gradient norm":       0.000022011214
}
