{
   "temperature":     298.150000000000,
   "unit": "hartree",
   "energy":     -36.139878749153,
   "free energy":     -36.017168286139,
   "G(T)":       0.122710463014,
   "ZPVE":       0.157238712348,
   "number of imags":0,
   "point group": "c1",
   "gradient norm":       0.000141052434
}
