{
   "temperature":     298.150000000000,
   "unit": "hartree",
   "energy":     -22.493864441982,
   "free energy":     -22.384974971052,
   "G(T)":       0.108889470930,
   "ZPVE":       0.140634257298,
   "number of imags":0,
   "point group": "cs",
   "gradient norm":       0.000039780176
}
