{
   "temperature":     298.150000000000,
   "unit": "hartree",
   "energy":     -14.017147868356,
   "free energy":     -13.962253963608,
   "G(T)":       0.054893904748,
   "ZPVE":       0.080600390874,
   "number of imags":0,
   "point group": "c2v",
   "gradient norm":       0.000011351045
}
