{
   "temperature":     298.150000000000,
   "unit": "hartree",
   "energy":     -19.050407069238,
   "free energy":     -18.957370521326,
   "G(T)":       0.093036547912,
   "ZPVE":       0.124695916150,
   "number of imags":0,
   "point group": "cs",
   "gradient norm":       0.000016250377
}
