{
   "temperature":     298.150000000000,
   "unit": "hartree",
   "energy":     -24.474308084697,
   "free energy":     -24.406414347832,
   "G(T)":       0.067893736864,
   "ZPVE":       0.099879729318,
   "number of imags":0,
   "point group": "cs",
   "gradient norm":       0.000072265538
}
