{
    "partname": "prescreening",
    "runtime": 1.2582889249970322,
    "results": {
        "CONF1": {
            "sp": {
                "energy": -398.882585616606
            },
            "gtot": -398.882585616606,
            "bmw": 0.5935025049450262
        },
        "CONF2": {
            "sp": {
                "energy": -398.882228277345
            },
            "gtot": -398.882228277345,
            "bmw": 0.4064974950549738
        }
    },
    "settings": {
        "threshold": 4.0,
        "func": "pbe-d4",
        "basis": "def2-sv(p)",
        "prog": "orca",
        "gfnv": "gfn2",
        "run": true,
        "template": false
    },
    "nconf_in": 2,
    "nconf_out": 2
}