{
    "partname": "prescreening",
    "runtime": 0.7639570180035662,
    "results": {
        "CONF4": {
            "sp": {
                "energy": -154.655225018073
            },
            "gtot": -154.655225018073,
            "bmw": 0.0007709643499966202
        },
        "CONF1": {
            "sp": {
                "energy": -154.661452455399
            },
            "gtot": -154.661452455399,
            "bmw": 0.5642313183634865
        },
        "CONF3": {
            "sp": {
                "energy": -154.661131937825
            },
            "gtot": -154.661131937825,
            "bmw": 0.40181792774724295
        },
        "CONF2": {
            "sp": {
                "energy": -154.658777088565
            },
            "gtot": -154.658777088565,
            "bmw": 0.03317978953927398
        }
    },
    "settings": {
        "threshold": 4.0,
        "func": "pbe-d4",
        "basis": "def2-sv(p)",
        "prog": "orca",
        "gfnv": "gfn2",
        "run": true,
        "template": false
    },
    "nconf_in": 4,
    "nconf_out": 4
}