{
    "partname": "screening",
    "runtime": 3.0219191500000306,
    "results": {
        "CONF3": {
            "sp": {
                "energy": -154.999664343351
            },
            "gtot": -154.999664343351,
            "bmw": 0.4711345166170749
        },
        "CONF1": {
            "sp": {
                "energy": -154.999639311265
            },
            "gtot": -154.999639311265,
            "bmw": 0.4588079774044863
        },
        "CONF4": {
            "sp": {
                "energy": -154.994222356043
            },
            "gtot": -154.994222356043,
            "bmw": 0.0014791221165719349
        },
        "CONF2": {
            "sp": {
                "energy": -154.997844744195
            },
            "gtot": -154.997844744195,
            "bmw": 0.0685783838618669
        }
    },
    "settings": {
        "threshold": 3.5,
        "func": "r2scan-3c",
        "basis": "def2-tzvp",
        "prog": "orca",
        "sm": "smd",
        "gfnv": "gfn2",
        "run": true,
        "implicit": false,
        "template": false
    },
    "nconf_in": 4,
    "nconf_out": 4
}