{
    "partname": "refinement",
    "runtime": 13.57074291400204,
    "results": {
        "CONF1": {
            "sp": {
                "energy": -155.04600674645
            },
            "gtot": -155.04600674645,
            "bmw": 0.4399963400955642
        },
        "CONF4": {
            "sp": {
                "energy": -155.041111847686
            },
            "gtot": -155.041111847686,
            "bmw": 1.0
        },
        "CONF3": {
            "sp": {
                "energy": -155.046128669496
            },
            "gtot": -155.046128669496,
            "bmw": 0.5006448847919385
        },
        "CONF2": {
            "sp": {
                "energy": -155.044075329845
            },
            "gtot": -155.044075329845,
            "bmw": 0.05689301125120684
        }
    },
    "settings": {
        "threshold": 0.95,
        "func": "wb97x-v",
        "basis": "def2-tzvp",
        "prog": "orca",
        "sm": "smd",
        "gfnv": "gfn2",
        "run": true,
        "implicit": false,
        "template": false
    },
    "nconf_in": 4,
    "nconf_out": 1
}