{
    "partname": "prescreening",
    "runtime": 0.5888517940002203,
    "results": {
        "CONF2": {
            "sp": {
                "energy": -156.813684366282
            },
            "gtot": -156.813684366282,
            "bmw": 0.5347680266744707
        },
        "CONF1": {
            "sp": {
                "energy": -156.813552844398
            },
            "gtot": -156.813552844398,
            "bmw": 0.46523197332552935
        }
    },
    "settings": {
        "threshold": 4.0,
        "func": "pbe-d4",
        "basis": "def2-sv(p)",
        "prog": "orca",
        "gfnv": "gfn2",
        "run": true,
        "template": false
    },
    "nconf_in": 2,
    "nconf_out": 2
}