{
   "temperature":     298.150000000000,
   "unit": "hartree",
   "energy":     -26.293359607375,
   "free energy":     -26.170860997270,
   "G(T)":       0.122498610105,
   "ZPVE":       0.156081858826,
   "number of imags":0,
   "point group": "cs",
   "gradient norm":       0.000021297817
}
