{
   "temperature":     298.150000000000,
   "unit": "hartree",
   "energy":     -20.782691609220,
   "free energy":     -20.702395222467,
   "G(T)":       0.080296386753,
   "ZPVE":       0.115185728067,
   "number of imags":0,
   "point group": "c1",
   "gradient norm":       0.000028607155
}
