{
   "temperature":     298.150000000000,
   "unit": "hartree",
   "energy":     -36.132763862434,
   "free energy":     -36.010490672234,
   "G(T)":       0.122273190200,
   "ZPVE":       0.156899937765,
   "number of imags":0,
   "point group": "c1",
   "gradient norm":       0.000030752063
}
