{
   "temperature":     298.150000000000,
   "unit": "hartree",
   "energy":     -13.806045321401,
   "free energy":     -13.743580869776,
   "G(T)":       0.062464451625,
   "ZPVE":       0.092586354362,
   "number of imags":0,
   "point group": "cs",
   "gradient norm":       0.000025204695
}
