{
   "temperature":     298.150000000000,
   "unit": "hartree",
   "energy":     -19.954146328543,
   "free energy":     -19.881865281635,
   "G(T)":       0.072281046908,
   "ZPVE":       0.101329488018,
   "number of imags":0,
   "point group": "cs",
   "gradient norm":       0.000034499418
}
