{
    "partname": "prescreening",
    "runtime": 0.7188475100047071,
    "results": {
        "CONF1": {
            "sp": {
                "energy": -1622.348817291479
            },
            "gtot": -1622.348817291479,
            "bmw": 0.4208590566654228
        },
        "CONF2": {
            "sp": {
                "energy": -1622.349118720151
            },
            "gtot": -1622.349118720151,
            "bmw": 0.5791409433345773
        }
    },
    "settings": {
        "threshold": 4.0,
        "func": "pbe-d4",
        "basis": "def2-sv(p)",
        "prog": "orca",
        "gfnv": "gfn2",
        "run": true,
        "template": false
    },
    "nconf_in": 2,
    "nconf_out": 2
}