{
   "temperature":     298.150000000000,
   "unit": "hartree",
   "energy":     -20.783436125209,
   "free energy":     -20.702644933724,
   "G(T)":       0.080791191485,
   "ZPVE":       0.114957155327,
   "number of imags":0,
   "point group": "c1",
   "gradient norm":       0.000029493760
}
