{
   "temperature":     298.150000000000,
   "unit": "hartree",
   "energy":     -30.798765825999,
   "free energy":     -30.653891356523,
   "G(T)":       0.144874469476,
   "ZPVE":       0.177701601292,
   "number of imags":0,
   "point group": "c2v",
   "gradient norm":       0.000059658097
}
