{
   "temperature":     298.150000000000,
   "unit": "hartree",
   "energy":      -9.448190987613,
   "free energy":      -9.390332555966,
   "G(T)":       0.057858431646,
   "ZPVE":       0.080424400018,
   "number of imags":0,
   "point group": "d3h",
   "gradient norm":       0.000065653292
}
