{
   "temperature":     298.150000000000,
   "unit": "hartree",
   "energy":     -36.131639003390,
   "free energy":     -36.009301248839,
   "G(T)":       0.122337754551,
   "ZPVE":       0.156707324028,
   "number of imags":0,
   "point group": "c1",
   "gradient norm":       0.000042668124
}
