{
    "partname": "prescreening",
    "runtime": 0.34768271899883985,
    "results": {
        "CONF1": {
            "sp": {
                "energy": -115.442341285023
            },
            "gtot": -115.442341285023,
            "bmw": 0.9320365321562813
        },
        "CONF2": {
            "sp": {
                "energy": -115.439869032589
            },
            "gtot": -115.439869032589,
            "bmw": 0.06796346784371864
        }
    },
    "settings": {
        "threshold": 4.0,
        "func": "pbe-d4",
        "basis": "def2-sv(p)",
        "prog": "orca",
        "gfnv": "gfn2",
        "run": true,
        "template": false
    },
    "nconf_in": 2,
    "nconf_out": 2
}