{
   "temperature":     298.150000000000,
   "unit": "hartree",
   "energy":     -36.132219580313,
   "free energy":     -36.010155367366,
   "G(T)":       0.122064212947,
   "ZPVE":       0.156750279669,
   "number of imags":0,
   "point group": "c1",
   "gradient norm":       0.000103930835
}
