{
   "temperature":     298.150000000000,
   "unit": "hartree",
   "energy":     -30.748730449003,
   "free energy":     -30.669318846327,
   "G(T)":       0.079411602676,
   "ZPVE":       0.111907040665,
   "number of imags":0,
   "point group": "c2v",
   "gradient norm":       0.000023180594
}
