{
   "temperature":     298.150000000000,
   "unit": "hartree",
   "energy":     -17.731827638348,
   "free energy":     -17.628002564612,
   "G(T)":       0.103825073736,
   "ZPVE":       0.133216342923,
   "number of imags":0,
   "point group": "cs",
   "gradient norm":       0.000051706127
}
