{
   "temperature":     298.150000000000,
   "unit": "hartree",
   "energy":     -13.803987951146,
   "free energy":     -13.741620090330,
   "G(T)":       0.062367860816,
   "ZPVE":       0.092905271832,
   "number of imags":0,
   "point group": "cs",
   "gradient norm":       0.000151259433
}
