{
   "temperature":     298.150000000000,
   "unit": "hartree",
   "energy":     -36.134106322386,
   "free energy":     -36.010117702365,
   "G(T)":       0.123988620021,
   "ZPVE":       0.157840951998,
   "number of imags":0,
   "point group": "c1",
   "gradient norm":       0.000059808011
}
