{
   "temperature":     298.150000000000,
   "unit": "hartree",
   "energy":     -26.293967812841,
   "free energy":     -26.170796074347,
   "G(T)":       0.123171738494,
   "ZPVE":       0.156321601322,
   "number of imags":0,
   "point group": "cs",
   "gradient norm":       0.000011345868
}
