{
    "partname": "prescreening",
    "runtime": 0.5728176369993889,
    "results": {
        "CONF1": {
            "sp": {
                "energy": -578.086839176911
            },
            "gtot": -578.086839176911,
            "bmw": 0.362088479842332
        },
        "CONF2": {
            "sp": {
                "energy": -578.087373878568
            },
            "gtot": -578.087373878568,
            "bmw": 0.637911520157668
        }
    },
    "settings": {
        "threshold": 4.0,
        "func": "pbe-d4",
        "basis": "def2-sv(p)",
        "prog": "orca",
        "gfnv": "gfn2",
        "run": true,
        "template": false
    },
    "nconf_in": 2,
    "nconf_out": 2
}