{
   "temperature":     298.150000000000,
   "unit": "hartree",
   "energy":     -10.575981211802,
   "free energy":     -10.530212252366,
   "G(T)":       0.045768959436,
   "ZPVE":       0.072781708280,
   "number of imags":0,
   "point group": "cs",
   "gradient norm":       0.000052226679
}
