{
   "temperature":     298.150000000000,
   "unit": "hartree",
   "energy":     -10.500828158074,
   "free energy":     -10.423209027101,
   "G(T)":       0.077619130973,
   "ZPVE":       0.102655827417,
   "number of imags":0,
   "point group": "c2v",
   "gradient norm":       0.000018003281
}
