{
   "temperature":     298.150000000000,
   "unit": "hartree",
   "energy":     -36.136652157997,
   "free energy":     -36.012873207027,
   "G(T)":       0.123778950970,
   "ZPVE":       0.157834966760,
   "number of imags":0,
   "point group": "c1",
   "gradient norm":       0.000118490131
}
