{
   "temperature":     298.150000000000,
   "unit": "hartree",
   "energy":     -13.735601951761,
   "free energy":     -13.663200812758,
   "G(T)":       0.072401139003,
   "ZPVE":       0.102290970688,
   "number of imags":0,
   "point group": "cs",
   "gradient norm":       0.000011963118
}
