{
    "partname": "prescreening",
    "runtime": 1.293220540999755,
    "results": {
        "CONF1": {
            "sp": {
                "energy": -158.024595049751
            },
            "gtot": -158.024595049751,
            "bmw": 0.7350546550478714
        },
        "CONF2": {
            "sp": {
                "energy": -158.023625606894
            },
            "gtot": -158.023625606894,
            "bmw": 0.2632732802336367
        },
        "CONF3": {
            "sp": {
                "energy": -158.018848855176
            },
            "gtot": -158.018848855176,
            "bmw": 0.0016720647184919153
        }
    },
    "settings": {
        "threshold": 4.0,
        "func": "pbe-d4",
        "basis": "def2-sv(p)",
        "prog": "orca",
        "gfnv": "gfn2",
        "run": true,
        "template": false
    },
    "nconf_in": 3,
    "nconf_out": 3
}