{
    "partname": "screening",
    "runtime": 3.8312734799983446,
    "results": {
        "CONF1": {
            "sp": {
                "energy": -158.388994577234
            },
            "gtot": -158.388994577234,
            "bmw": 0.7304071442193398
        },
        "CONF3": {
            "sp": {
                "energy": -158.383558524412
            },
            "gtot": -158.383558524412,
            "bmw": 0.0023075642123405
        },
        "CONF2": {
            "sp": {
                "energy": -158.388045402945
            },
            "gtot": -158.388045402945,
            "bmw": 0.2672852915683196
        }
    },
    "settings": {
        "threshold": 3.5,
        "func": "r2scan-3c",
        "basis": "def2-tzvp",
        "prog": "orca",
        "sm": "smd",
        "gfnv": "gfn2",
        "run": true,
        "implicit": false,
        "template": false
    },
    "nconf_in": 3,
    "nconf_out": 3
}