{
    "partname": "refinement",
    "runtime": 30.283591824001633,
    "results": {
        "CONF1": {
            "sp": {
                "energy": -158.45386180334
            },
            "gtot": -158.45386180334,
            "bmw": 0.7410264433075127
        },
        "CONF3": {
            "sp": {
                "energy": -158.448623208975
            },
            "gtot": -158.448623208975,
            "bmw": 1.0
        },
        "CONF2": {
            "sp": {
                "energy": -158.452858593305
            },
            "gtot": -158.452858593305,
            "bmw": 0.256087883853912
        }
    },
    "settings": {
        "threshold": 0.95,
        "func": "wb97x-v",
        "basis": "def2-tzvp",
        "prog": "orca",
        "sm": "smd",
        "gfnv": "gfn2",
        "run": true,
        "implicit": false,
        "template": false
    },
    "nconf_in": 3,
    "nconf_out": 1
}