{
   "temperature":     298.150000000000,
   "unit": "hartree",
   "energy":     -22.670098453271,
   "free energy":     -22.529539514652,
   "G(T)":       0.140558938620,
   "ZPVE":       0.170967596024,
   "number of imags":0,
   "point group": "cs",
   "gradient norm":       0.000018749165
}
