{
   "temperature":     298.150000000000,
   "unit": "hartree",
   "energy":     -20.783436109002,
   "free energy":     -20.702662626449,
   "G(T)":       0.080773482552,
   "ZPVE":       0.114955481193,
   "number of imags":0,
   "point group": "c1",
   "gradient norm":       0.000027237098
}
