{
   "temperature":     298.150000000000,
   "unit": "hartree",
   "energy":     -14.443369637751,
   "free energy":     -14.412244493062,
   "G(T)":       0.031125144690,
   "ZPVE":       0.059261116579,
   "number of imags":0,
   "point group": "cs",
   "gradient norm":       0.000059702671
}
