{
   "temperature":     298.150000000000,
   "unit": "hartree",
   "energy":     -14.435384432174,
   "free energy":     -14.403748939977,
   "G(T)":       0.031635492197,
   "ZPVE":       0.058870546428,
   "number of imags":0,
   "point group": "cs",
   "gradient norm":       0.000021027295
}
