{
   "temperature":     298.150000000000,
   "unit": "hartree",
   "energy":     -11.394339321974,
   "free energy":     -11.341592879179,
   "G(T)":       0.052746442794,
   "ZPVE":       0.078129073099,
   "number of imags":0,
   "point group": "c1",
   "gradient norm":       0.000091754097
}
