{
   "temperature":     298.150000000000,
   "unit": "hartree",
   "energy":     -20.783772405735,
   "free energy":     -20.701226763561,
   "G(T)":       0.082545642174,
   "ZPVE":       0.115440090538,
   "number of imags":0,
   "point group": "c1",
   "gradient norm":       0.000043676322
}
