{
   "temperature":     298.150000000000,
   "unit": "hartree",
   "energy":     -16.150108422117,
   "free energy":     -16.091425647127,
   "G(T)":       0.058682774990,
   "ZPVE":       0.085545270883,
   "number of imags":0,
   "point group": "c2v",
   "gradient norm":       0.000055084381
}
