{
   "temperature":     298.150000000000,
   "unit": "hartree",
   "energy":     -20.784590616281,
   "free energy":     -20.701267964945,
   "G(T)":       0.083322651337,
   "ZPVE":       0.115514905153,
   "number of imags":0,
   "point group": "c1",
   "gradient norm":       0.000051954719
}
