{
   "temperature":     298.150000000000,
   "unit": "hartree",
   "energy":     -20.783287776668,
   "free energy":     -20.703046584327,
   "G(T)":       0.080241192341,
   "ZPVE":       0.114882365371,
   "number of imags":0,
   "point group": "c1",
   "gradient norm":       0.000098554562
}
