{
   "temperature":     298.150000000000,
   "unit": "hartree",
   "energy":     -27.528271727659,
   "free energy":     -27.537522796298,
   "G(T)":      -0.009251068639,
   "ZPVE":       0.026178848842,
   "number of imags":0,
   "point group": "cs",
   "gradient norm":       0.000073406476
}
