{
   "temperature":     298.150000000000,
   "unit": "hartree",
   "energy":     -36.134215128313,
   "free energy":     -36.012048283139,
   "G(T)":       0.122166845174,
   "ZPVE":       0.156881308726,
   "number of imags":0,
   "point group": "c1",
   "gradient norm":       0.000083802620
}
