{
   "temperature":     298.150000000000,
   "unit": "hartree",
   "energy":     -36.133239624940,
   "free energy":     -36.010701622275,
   "G(T)":       0.122538002664,
   "ZPVE":       0.156946030208,
   "number of imags":0,
   "point group": "c1",
   "gradient norm":       0.000070325020
}
