{
   "temperature":     298.150000000000,
   "unit": "hartree",
   "energy":     -54.099869613181,
   "free energy":     -54.018744372273,
   "G(T)":       0.081125240908,
   "ZPVE":       0.124187763217,
   "number of imags":0,
   "point group": "d2h",
   "gradient norm":       0.000033373805
}
