{
   "temperature":     298.150000000000,
   "unit": "hartree",
   "energy":     -27.117157625320,
   "free energy":     -26.982394294265,
   "G(T)":       0.134763331055,
   "ZPVE":       0.170720332077,
   "number of imags":0,
   "point group": "cs",
   "gradient norm":       0.000039366689
}
