{
   "temperature":     298.150000000000,
   "unit": "hartree",
   "energy":      -4.256278829794,
   "free energy":      -4.261874330328,
   "G(T)":      -0.005595500534,
   "ZPVE":       0.013930019308,
   "number of imags":0,
   "point group": "c2v",
   "gradient norm":       0.000034970036
}
