{
   "temperature":     298.150000000000,
   "unit": "hartree",
   "energy":     -13.803987993659,
   "free energy":     -13.741621412127,
   "G(T)":       0.062366581532,
   "ZPVE":       0.092907724893,
   "number of imags":0,
   "point group": "cs",
   "gradient norm":       0.000053130894
}
