{
    "partname": "prescreening",
    "runtime": 0.852855079996516,
    "results": {
        "CONF2": {
            "sp": {
                "energy": -118.806247423337
            },
            "gtot": -118.806247423337,
            "bmw": 0.004265526912442522
        },
        "CONF1": {
            "sp": {
                "energy": -118.811395977214
            },
            "gtot": -118.811395977214,
            "bmw": 0.9957344730875575
        }
    },
    "settings": {
        "threshold": 4.0,
        "func": "pbe-d4",
        "basis": "def2-sv(p)",
        "prog": "orca",
        "gfnv": "gfn2",
        "run": true,
        "template": false
    },
    "nconf_in": 2,
    "nconf_out": 2
}