{
   "temperature":     298.150000000000,
   "unit": "hartree",
   "energy":     -25.474386118084,
   "free energy":     -25.361732698915,
   "G(T)":       0.112653419169,
   "ZPVE":       0.142841423354,
   "number of imags":0,
   "point group": "d2h",
   "gradient norm":       0.000019414112
}
