{
   "temperature":     298.150000000000,
   "unit": "hartree",
   "energy":     -12.606051601980,
   "free energy":     -12.527108661978,
   "G(T)":       0.078942940002,
   "ZPVE":       0.106686920393,
   "number of imags":0,
   "point group": "c1",
   "gradient norm":       0.000102193161
}
