{
   "temperature":     298.150000000000,
   "unit": "hartree",
   "energy":     -27.117158061739,
   "free energy":     -26.982368404495,
   "G(T)":       0.134789657244,
   "ZPVE":       0.170721949518,
   "number of imags":0,
   "point group": "cs",
   "gradient norm":       0.000052412468
}
