{
   "temperature":     298.150000000000,
   "unit": "hartree",
   "energy":     -24.473994562804,
   "free energy":     -24.406115788217,
   "G(T)":       0.067878774587,
   "ZPVE":       0.099861503007,
   "number of imags":0,
   "point group": "cs",
   "gradient norm":       0.000098762240
}
