{
   "temperature":     298.150000000000,
   "unit": "hartree",
   "energy":     -20.783201830832,
   "free energy":     -20.701448779897,
   "G(T)":       0.081753050934,
   "ZPVE":       0.115335768552,
   "number of imags":0,
   "point group": "c1",
   "gradient norm":       0.000032684237
}
