{
   "temperature":     298.150000000000,
   "unit": "hartree",
   "energy":     -24.002699243299,
   "free energy":     -23.942183551642,
   "G(T)":       0.060515691657,
   "ZPVE":       0.091896422413,
   "number of imags":0,
   "point group": "cs",
   "gradient norm":       0.000029562640
}
