{
   "temperature":     298.150000000000,
   "unit": "hartree",
   "energy":     -13.735601760955,
   "free energy":     -13.663200952755,
   "G(T)":       0.072400808200,
   "ZPVE":       0.102291562517,
   "number of imags":0,
   "point group": "cs",
   "gradient norm":       0.000030291151
}
