{
   "temperature":     298.150000000000,
   "unit": "hartree",
   "energy":     -20.782692003565,
   "free energy":     -20.701399524018,
   "G(T)":       0.081292479547,
   "ZPVE":       0.115199181107,
   "number of imags":0,
   "point group": "c1",
   "gradient norm":       0.000072669913
}
