{
   "temperature":     298.150000000000,
   "unit": "hartree",
   "energy":     -15.414023860970,
   "free energy":     -15.387011203855,
   "G(T)":       0.027012657115,
   "ZPVE":       0.055654395853,
   "number of imags":0,
   "point group": "c2",
   "gradient norm":       0.000037714575
}
