{
   "temperature":     298.150000000000,
   "unit": "hartree",
   "energy":     -20.399826366381,
   "free energy":     -20.333629040284,
   "G(T)":       0.066197326097,
   "ZPVE":       0.096092907449,
   "number of imags":0,
   "point group": "c2v",
   "gradient norm":       0.000070494946
}
