{
   "temperature":     298.150000000000,
   "unit": "hartree",
   "energy":     -24.007234416756,
   "free energy":     -23.946567782428,
   "G(T)":       0.060666634328,
   "ZPVE":       0.091932501031,
   "number of imags":0,
   "point group": "cs",
   "gradient norm":       0.000025570200
}
