{
   "temperature":     298.150000000000,
   "unit": "hartree",
   "energy":     -36.133227314885,
   "free energy":     -36.010979734767,
   "G(T)":       0.122247580118,
   "ZPVE":       0.156969238526,
   "number of imags":0,
   "point group": "c1",
   "gradient norm":       0.000076452533
}
