{
   "temperature":     298.150000000000,
   "unit": "hartree",
   "energy":     -32.105432347783,
   "free energy":     -32.119458061271,
   "G(T)":      -0.014025713487,
   "ZPVE":       0.021015761587,
   "number of imags":0,
   "point group": "c1",
   "gradient norm":       0.000068548359
}
